"date","iso_code","new_cases_per_million","new_cases_smoothed_per_million","cases_growth","deaths_growth","vaccine_growth","Policy_change","Restrict","Isolamento","Isolamento_7","Isolamento_14","Residential","Closure","stayhome_growth","stayhome_growth_7","stayhome_growth_14","total_deaths","cases_growth_after14","Policy","cases_rolling_14","cum_negative_day","y.max","delta","Pico","nPico","Onda"
2020-03-29,"ARG",1.10628571428507,0.773142857143984,6.71076202287866,6.21468926553808,NA,0,FALSE,"Queda","Queda","Voluntário",27,2.875,-6.89655172413793,0,200,6.92857142857143,8.71583834547074,"Sem mudanças",NA,NA,NA,NA,FALSE,0,"Início ao 1o pico"
2020-03-30,"ARG",1.20742857142793,0.88035714285827,9.14256198347638,23.6702127659623,NA,0,FALSE,"Voluntário","Queda","Voluntário",28,2.875,3.7037037037037,-12.5,366.666666666667,8.42857142857143,-0.643825423016131,"Sem mudanças",NA,NA,NA,NA,FALSE,0,"Início ao 1o pico"
2020-04-01,"ARG",1.5408571428565,1.1564285714297,-1.11391244556543,3.97111913357455,NA,0,FALSE,"Queda","Queda","Voluntário",27,2.875,-10,-3.57142857142857,125,12.0714285714286,13.5735402808619,"Sem mudanças",NA,NA,NA,NA,FALSE,0,"Início ao 1o pico"
2020-04-02,"ARG",1.63728571428507,1.28121428571541,6.25811236788691,26.9097222222258,NA,0,FALSE,"Voluntário","Queda","Voluntário",29,2.875,7.40740740740742,-3.33333333333333,123.076923076923,14.4285714285714,3.52715322292103,"Sem mudanças",NA,NA,NA,NA,FALSE,0,"Início ao 1o pico"
2020-04-03,"ARG",1.79692857142793,1.4119285714297,9.75045807521544,9.0287277701788,NA,0,FALSE,"Voluntário","Queda","Voluntário",31,2.875,6.89655172413792,-3.125,6.89655172413792,17,-2.3666593330616,"Sem mudanças",NA,NA,NA,NA,FALSE,0,"Início ao 1o pico"
2020-04-05,"ARG",1.87271428571364,1.66521428571541,-8.35430648769838,2.54629629629652,NA,0,FALSE,"Queda","Queda","Queda",26,2.875,-3.70370370370371,-3.70370370370371,-3.70370370370371,22.6428571428571,6.19683242271445,"Sem mudanças",NA,NA,NA,NA,FALSE,0,"Início ao 1o pico"
2020-04-06,"ARG",1.98021428571364,1.77564285714398,5.74033107025904,10.0451467268632,NA,0,FALSE,"Queda","Queda","Queda",26,2.875,0,-7.14285714285714,-18.75,25.7857142857143,-0.0716379029632397,"Sem mudanças",2.8234867241656,NA,NA,NA,FALSE,0,"Início ao 1o pico"
2020-04-07,"ARG",1.96121428571364,1.83321428571541,-0.959492118457905,13.6410256410267,NA,0,FALSE,"Queda","Queda","Queda",25,2.875,-3.84615384615384,-16.6666666666667,-19.3548387096774,29.3571428571429,1.15354535975007,"Sem mudanças",2.5960860955972,NA,NA,NA,FALSE,0,"Início ao 1o pico"
2020-04-08,"ARG",2.09871428571364,1.91285714285827,7.01096259606162,10.0180505415169,NA,0,FALSE,"Queda","Queda","Queda",24,2.875,-4,-11.1111111111111,-14.2857142857143,33.2857142857143,1.85232910250683,"Sem mudanças",1.77399885870163,NA,NA,NA,FALSE,0,"Início ao 1o pico"
2020-04-09,"ARG",2.04342857142793,1.97085714285827,-2.63426587706842,14.5200984413463,NA,0,FALSE,"Voluntário","Queda","Queda",27,2.875,12.5,-6.89655172413793,-10,37.7857142857143,14.7673719834309,"Sem mudanças",1.36011272548583,NA,NA,NA,FALSE,0,"Início ao 1o pico"
2020-04-10,"ARG",2.19042857142793,2.02707142857256,7.193791946311,9.45558739255068,NA,0,FALSE,"Voluntário","Voluntário","Voluntário",35,2.875,29.6296296296296,12.9032258064516,9.375,42.7142857142857,-0.487791434713236,"Sem mudanças",1.35573558654494,NA,NA,NA,FALSE,0,"Início ao 1o pico"
2020-04-11,"ARG",2.03078571428507,2.02521428571541,-7.28820191743513,-5.82460732984322,NA,0,FALSE,"Queda","Queda","Queda",27,2.875,-22.8571428571429,0,-6.89655172413793,47.3571428571429,10.6012351491344,"Sem mudanças",0.65415730238932,NA,NA,NA,FALSE,0,"Início ao 1o pico"
2020-04-12,"ARG",2.20778571428507,2.07307142857256,8.71583834547074,9.24252953439937,NA,0,FALSE,"Queda","Queda","Queda",25,2.875,-7.40740740740741,-3.84615384615384,-7.40740740740741,52.4285714285714,-3.04729949670799,"Sem mudanças",1.33328957720707,0,NA,NA,FALSE,0,"Início ao 1o pico"
2020-04-13,"ARG",2.19357142857078,2.10357142857256,-0.643825423016131,4.19847328244296,NA,0,FALSE,"Queda","Queda","Queda",25,2.875,0,-3.84615384615384,-10.7142857142857,57.7142857142857,2.57231404958738,"Sem mudanças",1.05557515093905,0,NA,NA,FALSE,0,"Início ao 1o pico"
2020-04-16,"ARG",2.27264285714221,2.14607142857256,3.52715322292103,-4.79041916167684,NA,0,FALSE,"Voluntário","Queda","Queda",26,2.875,8.33333333333333,-3.70370370370371,-10.3448275862069,74.6428571428571,0.814603984689555,"Sem mudanças",1.08926805692081,0,NA,NA,FALSE,0,"Início ao 1o pico"
2020-04-17,"ARG",2.2188571428565,2.15014285714398,-2.3666593330616,6.34648370497455,NA,0,FALSE,"Voluntário","Queda","Queda",28,2.875,7.69230769230769,-20,-9.67741935483871,80.6428571428571,0.323695482866126,"Sem mudanças",0.370820764580128,0,NA,NA,FALSE,0,"Início ao 1o pico"
2020-04-18,"ARG",2.06557142857078,2.15514285714398,-6.90831831058659,2.36559139784955,NA,0,FALSE,"Queda","Queda","Queda",26,2.875,-7.14285714285714,-3.70370370370371,-3.70370370370371,86.7857142857143,3.22165886320147,"Sem mudanças",0.742719330769828,0,NA,NA,FALSE,0,"Início ao 1o pico"
2020-04-19,"ARG",2.19357142857078,2.15307142857255,6.19683242271445,2.310924369748,NA,0,FALSE,"Queda","Queda","Queda",25,2.875,-3.84615384615384,0,-3.84615384615384,93.0714285714286,1.09285764647842,"Sem mudanças",0.44775249311595,0,NA,NA,FALSE,0,"Início ao 1o pico"
2020-04-20,"ARG",2.19199999999935,2.15285714285827,-0.0716379029632397,0,NA,0,FALSE,"Queda","Queda","Queda",24,2.875,-4,-4,-7.69230769230769,99.3571428571429,0.102292276933102,"Sem mudanças",0.937451634022812,0,NA,NA,FALSE,0,"Início ao 1o pico"
2020-04-21,"ARG",2.21728571428507,2.19350000000113,1.15354535975007,3.38809034907612,NA,0,FALSE,"Queda","Queda","Queda",23,2.875,-4.16666666666666,-4.16666666666666,-8,105.857142857143,2.21097124808445,"Sem mudanças",0.37307775110987,0,NA,NA,FALSE,0,"Início ao 1o pico"
2020-04-22,"ARG",2.2583571428565,2.20257142857256,1.85232910250683,-2.18470705064556,NA,0,FALSE,"Queda","Queda","Queda",23,2.875,0,-4.16666666666666,-4.16666666666666,112.214285714286,3.77187002953951,"Sem mudanças",0.442186387244317,0,NA,NA,FALSE,0,"Início ao 1o pico"
2020-04-24,"ARG",2.57921428571364,2.29971428571541,-0.487791434713236,1.06847984458478,NA,0,FALSE,"Voluntário","Queda","Queda",27,2.875,12.5,-3.57142857142857,-22.8571428571429,125.571428571429,3.51090153602018,"Sem mudanças",0.420365361550062,0,NA,NA,FALSE,0,"Início ao 1o pico"
2020-04-26,"ARG",2.76571428571364,2.49385714285827,-3.04729949670799,0,NA,0,FALSE,"Queda","Queda","Queda",25,2.875,-3.84615384615384,0,0,140.142857142857,7.31348352768177,"Sem mudanças",0.667473717231492,0,NA,NA,FALSE,0,"Início ao 1o pico"
2020-04-27,"ARG",2.8368571428565,2.58600000000113,2.57231404958738,-1.94862710363158,NA,-0.25,FALSE,"Queda","Queda","Queda",24,2.625,-4,0,-4,147.285714285714,6.20951577170705,"Flexibilização",1.16823161634004,0,NA,NA,FALSE,0,"Início ao 1o pico"
2020-04-28,"ARG",2.92378571428507,2.6869285714297,3.06425621915671,4.96838301716369,NA,0,FALSE,"Queda","Queda","Queda",20,2.625,-16.6666666666667,-13.0434782608696,-16.6666666666667,154.785714285714,7.07616512376461,"Sem mudanças",0.883527246723613,0,NA,NA,FALSE,0,"Início ao 1o pico"
2020-04-29,"ARG",2.91114285714221,2.78021428571541,-0.432413944739063,-1.89328743545617,NA,0,FALSE,"Voluntário","Queda","Queda",21,2.625,5,-8.69565217391305,-12.5,162.142857142857,6.48608534322928,"Sem mudanças",1.15806352761667,0,NA,NA,FALSE,0,"Início ao 1o pico"
2020-04-30,"ARG",2.9348571428565,2.82921428571541,0.814603984689555,0,NA,0,FALSE,"Voluntário","Queda","Queda",22,2.625,4.76190476190477,-8.33333333333334,-15.3846153846154,169.5,4.31737403303436,"Sem mudanças",0.632738342938006,0,NA,NA,FALSE,0,"Início ao 1o pico"
2020-05-01,"ARG",2.9443571428565,2.88135714285827,0.323695482866126,-0.964912280701813,NA,0,FALSE,"Voluntário","Voluntário","Voluntário",33,2.625,50,22.2222222222222,17.8571428571429,176.785714285714,8.90536793934062,"Sem mudanças",0.751207802474674,0,NA,NA,FALSE,0,"Início ao 1o pico"
2020-05-02,"ARG",3.03921428571364,2.90800000000113,3.22165886320147,5.8901682905228,NA,0,FALSE,"Queda","Queda","Queda",24,2.625,-27.2727272727273,-7.69230769230769,-7.69230769230769,184.5,6.00558230837736,"Sem mudanças",0.757537898736281,0,13.1645714285726,10.2565714285715,FALSE,0,"Início ao 1o pico"
2020-05-03,"ARG",3.07242857142793,2.95178571428684,1.09285764647842,5.56252613969068,NA,0,FALSE,"Queda","Queda","Queda",24,2.625,0,-4,-4,192.642857142857,5.15320737247253,"Sem mudanças",1.49759382904984,0,13.8262857142868,10.8745,FALSE,0,"Início ao 1o pico"
2020-05-04,"ARG",3.07557142857078,2.98585714285827,0.102292276933102,8.75594294770232,NA,0,FALSE,"Queda","Queda","Queda",21,2.625,-12.5,-12.5,-12.5,201.5,6.05772934896336,"Sem mudanças",1.75739395205838,0,14.4354285714297,11.4495714285714,FALSE,0,"Início ao 1o pico"
2020-05-05,"ARG",3.14357142857078,3.01728571428684,2.21097124808445,-5.61020036429889,NA,0,FALSE,"Queda","Voluntário","Queda",21,2.625,0,5,-8.69565217391305,209.857142857143,8.7537457677699,"Sem mudanças",2.04395887381609,0,14.988142857144,11.9708571428572,FALSE,0,"Início ao 1o pico"
2020-05-06,"ARG",3.26214285714221,3.06735714285827,3.77187002953951,3.39637205712091,NA,0,FALSE,"Queda","Queda","Queda",20,2.625,-4.76190476190477,-4.76190476190477,-13.0434782608696,218.5,7.54816007634125,"Sem mudanças",2.53813739438526,0,15.4979285714297,12.4305714285714,FALSE,0,"Início ao 1o pico"
2020-05-07,"ARG",3.0598571428565,3.08521428571541,-6.20100722575118,-3.32213512504678,NA,0,FALSE,"Voluntário","Queda","Queda",21,2.625,5,-4.54545454545454,-12.5,226.857142857143,11.9017778911539,"Sem mudanças",2.78833525498132,0,15.9347857142868,12.8495714285714,FALSE,0,"Início ao 1o pico"
2020-05-08,"ARG",3.16728571428507,3.11707142857255,3.51090153602018,0,NA,0,FALSE,"Voluntário","Queda","Queda",23,2.625,9.52380952380953,-30.3030303030303,-14.8148148148148,235.214285714286,10.4822883422215,"Sem mudanças",3.40131185901521,0,16.3745714285726,13.2575000000001,FALSE,0,"Início ao 1o pico"
2020-05-09,"ARG",3.15464285714221,3.13357142857255,-0.399170087050738,-1.69884169884175,NA,0,FALSE,"Queda","Queda","Queda",21,2.625,-8.69565217391305,-12.5,-19.2307692307692,243.428571428571,10.6988427379573,"Sem mudanças",3.60016353367063,0,16.8312857142868,13.6977142857142,FALSE,0,"Início ao 1o pico"
2020-05-10,"ARG",3.3853571428565,3.17828571428684,7.31348352768177,-1.72820109976437,NA,0,FALSE,"Queda","Queda","Queda",21,2.625,0,-12.5,-16,251.5,8.33819572757686,"Sem mudanças",3.89018851409878,0,17.2984285714297,14.1201428571429,FALSE,0,"Início ao 1o pico"
2020-05-11,"ARG",3.59557142857078,3.25257142857255,6.20951577170705,3.51718625099928,NA,0.125,TRUE,"Queda","Queda","Queda",19,2.75,-9.52380952380952,-9.52380952380952,-20.8333333333333,259.857142857143,5.09780454052471,"Restrição",4.31557687638665,0,17.8414285714297,14.5888571428571,FALSE,0,"Início ao 1o pico"
2020-05-12,"ARG",3.84999999999936,3.35350000000113,7.07616512376461,-4.24710424710436,NA,-0.125,FALSE,"Queda","Queda","Queda",19,2.625,0,-9.52380952380952,-5,267.857142857143,4.960854092527,"Flexibilização",4.78291791350704,0,18.5090714285726,15.1555714285715,FALSE,0,"Início ao 1o pico"
2020-05-13,"ARG",4.09971428571364,3.47314285714398,6.48608534322928,2.66129032258073,NA,0,FALSE,"Queda","Queda","Queda",19,2.625,0,-5,-9.52380952380952,276.071428571429,5.83644131009733,"Sem mudanças",5.05265291685002,0,19.2798571428583,15.8067142857143,FALSE,0,"Início ao 1o pico"
2020-05-14,"ARG",4.27671428571364,3.64700000000113,4.31737403303436,17.3605655930877,NA,0,FALSE,"Queda","Queda","Queda",18,2.625,-5.26315789473685,-14.2857142857143,-18.1818181818182,285.714285714286,7.28678793159827,"Sem mudanças",6.09116741351631,0,20.1847857142868,16.5377857142857,FALSE,0,"Início ao 1o pico"
2020-05-15,"ARG",4.65757142857078,3.85985714285827,8.90536793934062,-2.97858099062926,NA,0,FALSE,"Voluntário","Queda","Queda",22,2.625,22.2222222222222,-4.34782608695652,-33.3333333333333,295.071428571429,4.91549716333262,"Sem mudanças",6.20451762812378,0,21.1732142857154,17.3133571428571,FALSE,0,"Início ao 1o pico"
2020-05-16,"ARG",4.93728571428507,4.11450000000112,6.00558230837736,-3.82890651948958,NA,0,FALSE,"Queda","Queda","Queda",20,2.625,-9.09090909090909,-4.76190476190477,-16.6666666666667,304.071428571429,5.90672867299282,"Sem mudanças",6.58737649809362,0,22.145642857144,18.0311428571429,FALSE,0,"Início ao 1o pico"
2020-05-17,"ARG",5.19171428571364,4.37257142857255,5.15320737247253,0.789096126255417,NA,0,FALSE,"Queda","Queda","Queda",20,2.625,0,-4.76190476190477,-16.6666666666667,313.142857142857,4.44753786453709,"Sem mudanças",6.48187348255187,0,23.1007142857154,18.7281428571429,FALSE,0,"Início ao 1o pico"
2020-05-18,"ARG",5.50621428571364,4.64557142857255,6.05772934896336,-3.95017793594318,NA,0,FALSE,"Queda","Queda","Queda",18,2.625,-10,-5.26315789473685,-14.2857142857143,321.857142857143,2.97170321046876,"Sem mudanças",6.55882149397267,0,24.1487857142868,19.5032142857143,FALSE,0,"Início ao 1o pico"
2020-05-19,"ARG",5.98821428571364,4.95100000000112,8.7537457677699,5.70581696924801,NA,0,FALSE,"Queda","Queda","Queda",18,2.625,0,-5.26315789473685,-14.2857142857143,331.071428571429,5.15271753253268,"Sem mudanças",6.40448806822753,0,25.3200714285726,20.3690714285715,FALSE,0,"Início ao 1o pico"
2020-05-20,"ARG",6.44021428571364,5.2854285714297,7.54816007634125,0.771118121275882,NA,0,FALSE,"Queda","Queda","Queda",18,2.625,0,-5.26315789473685,-10,340.357142857143,4.99479609731082,"Sem mudanças",6.36310544892493,0,26.4722142857154,21.1867857142857,FALSE,0,"Início ao 1o pico"
2020-05-24,"ARG",9.54892857142793,7.3524285714297,8.33819572757686,1.37157107231922,NA,0,FALSE,"Queda","Queda","Queda",20,2.625,0,0,-4.76190476190477,380.785714285714,0.477927624470897,"Sem mudanças",6.37240286546084,0,27.6609285714297,20.3085,FALSE,0,"Início ao 1o pico"
2020-05-25,"ARG",10.0357142857136,7.99950000000113,5.09780454052471,4.08979089790906,NA,0,FALSE,"Voluntário","Voluntário","Voluntário",25,2.625,25,38.8888888888889,31.5789473684211,391.714285714286,2.55622040337862,"Sem mudanças",5.94856967054142,0,29.0022857142868,21.0027857142857,FALSE,0,"Início ao 1o pico"
2020-05-26,"ARG",10.5335714285708,8.64885714285827,4.960854092527,7.82865583456442,NA,0,FALSE,"Queda","Queda","Queda",17,2.625,-32,-5.55555555555556,-10.5263157894737,403.5,4.92169286498463,"Sem mudanças",5.88765075798108,0,30.4928571428583,21.844,FALSE,0,"Início ao 1o pico"
2020-05-27,"ARG",11.1483571428565,9.3214285714297,5.83644131009733,3.64383561643844,NA,0,FALSE,"Voluntário","Queda","Queda",18,2.625,5.88235294117647,0,-5.26315789473685,415.714285714286,4.51722124469505,"Sem mudanças",5.87633566689811,0,32.2042142857154,22.8827857142857,FALSE,0,"Início ao 1o pico"
2020-05-28,"ARG",11.9607142857136,10.0005000000011,7.28678793159827,-9.35765265662193,NA,0,FALSE,"Voluntário","Queda","Voluntário",19,2.625,5.55555555555556,-9.52380952380952,5.55555555555556,426.785714285714,5.11874498511486,"Sem mudanças",5.6446425866593,0,33.9587142857154,23.9582142857143,FALSE,0,"Início ao 1o pico"
2020-05-29,"ARG",12.5486428571422,10.6557142857154,4.91549716333262,5.83260425780123,NA,0,FALSE,"Voluntário","Queda","Queda",21,2.625,10.5263157894737,-4.54545454545454,-4.54545454545454,438.5,5.3192703614666,"Sem mudanças",5.10427951741691,0,35.7752857142868,25.1195714285714,FALSE,0,"Início ao 1o pico"
2020-05-30,"ARG",13.2898571428565,11.295142857144,5.90672867299282,0.606227610912136,NA,0,FALSE,"Queda","Queda","Queda",20,2.625,-4.76190476190477,0,0,450.285714285714,5.51527241076859,"Sem mudanças",4.75696174784613,0,37.6412857142868,26.3461428571428,FALSE,0,"Início ao 1o pico"
2020-05-31,"ARG",13.8809285714279,11.9140000000011,4.44753786453709,0.602574637085729,NA,0,FALSE,"Queda","Queda","Queda",20,2.625,0,0,0,462.142857142857,4.5805569464239,"Sem mudanças",4.19551402619571,0,39.5298571428583,27.6158571428572,FALSE,0,"Início ao 1o pico"
2020-06-01,"ARG",14.2934285714279,12.5222142857154,2.97170321046876,4.81894908793912,NA,0,FALSE,"Queda","Queda","Queda",18,2.625,-10,-28,0,474.571428571429,4.37317963213619,"Sem mudanças",4.01397230211385,0,41.3749285714297,28.8527142857143,FALSE,0,"Início ao 1o pico"
2020-06-02,"ARG",15.0299285714279,13.1645714285726,5.15271753253268,1.16883116883122,NA,0,FALSE,"Queda","Queda","Queda",17,2.625,-5.55555555555556,0,-5.55555555555556,487.142857142857,3.05784589327101,"Sem mudanças",4.0111750715751,0,43.1650714285726,30.0005,FALSE,0,"Início ao 1o pico"
2020-06-03,"ARG",15.7806428571422,13.8262857142868,4.99479609731082,2.28498074454433,NA,0,FALSE,"Queda","Queda","Queda",17,2.625,0,-5.55555555555556,-5.55555555555556,500,2.80276767244461,"Sem mudanças",3.91694506690351,0,44.9217857142868,31.0955,FALSE,0,"Início ao 1o pico"
2020-06-04,"ARG",16.2247142857136,14.4354285714297,2.81402622562013,6.65160642570293,NA,0,FALSE,"Voluntário","Queda","Queda",18,2.625,5.88235294117647,-5.26315789473685,-14.2857142857143,513.714285714286,6.31921353990323,"Sem mudanças",3.76208485644041,0,46.5805000000011,32.1450714285714,FALSE,0,"Início ao 1o pico"
2020-06-05,"ARG",16.4175714285708,14.988142857144,1.18866279837642,3.64791715697819,NA,0,FALSE,"Voluntário","Queda","Queda",20,2.625,11.1111111111111,-4.76190476190477,-9.09090909090909,527.928571428571,7.04656638803773,"Sem mudanças",3.79092579916427,0,48.0790000000011,33.0908571428571,FALSE,0,"Início ao 1o pico"
2020-06-06,"ARG",16.8584999999994,15.4979285714297,2.68571130235038,1.99818346957314,NA,0,FALSE,"Queda","Queda","Queda",18,2.625,-10,-10,-10,542.428571428571,3.51266525061036,"Sem mudanças",3.76296463757682,0,49.5968571428583,34.0989285714286,FALSE,0,"Início ao 1o pico"
2020-06-07,"ARG",16.9390714285708,15.9347857142868,0.477927624470897,4.43009795191458,NA,0,FALSE,"Queda","Queda","Queda",18,2.625,0,-10,-10,557.571428571429,4.20672708810905,"Sem mudanças",3.77246600056874,0,51.103642857144,35.1688571428572,FALSE,0,"Início ao 1o pico"
2020-06-08,"ARG",17.3720714285708,16.3745714285726,2.55622040337862,6.60839906203381,NA,0,FALSE,"Queda","Queda","Queda",17,2.625,-5.55555555555556,-5.55555555555556,-32,573.714285714286,6.60292684691379,"Sem mudanças",3.87257145925927,0,52.4657142857154,36.0911428571428,FALSE,0,"Início ao 1o pico"
2020-06-09,"ARG",18.2270714285708,16.8312857142868,4.92169286498463,3.09938012397526,NA,0,FALSE,"Queda","Queda","Queda",16,2.625,-5.88235294117647,-5.88235294117647,-5.88235294117647,590.357142857143,5.30703568209543,"Sem mudanças",3.72293777074058,0,53.7869285714297,36.9556428571429,FALSE,0,"Início ao 1o pico"
2020-06-10,"ARG",19.0504285714279,17.2984285714297,4.51722124469505,0.853374709076804,NA,0,FALSE,"Queda","Queda","Queda",16,2.625,0,-5.88235294117647,-11.1111111111111,607.142857142857,6.3365347629339,"Sem mudanças",3.56636431182156,0,55.0363571428583,37.7379285714286,FALSE,0,"Início ao 1o pico"
2020-06-11,"ARG",20.0255714285708,17.8414285714297,5.11874498511486,9.36538461538474,NA,0,FALSE,"Voluntário","Queda","Queda",17,2.625,6.25,-5.55555555555556,-10.5263157894737,625.5,5.11218473787585,"Sem mudanças",3.81673483427036,0,56.3470000000011,38.5055714285714,FALSE,0,"Início ao 1o pico"
2020-06-12,"ARG",21.0907857142851,18.5090714285726,5.3192703614666,3.11236152628807,NA,0,FALSE,"Voluntário","Queda","Queda",18,2.625,5.88235294117647,-10,-14.2857142857143,644.428571428571,5.96011574649653,"Sem mudanças",4.23515651924616,0,57.5890000000011,39.0799285714285,FALSE,0,"Início ao 1o pico"
2020-06-13,"ARG",22.2539999999994,19.2798571428583,5.51527241076859,8.30491132332891,NA,0,FALSE,"Queda","Queda","Queda",17,2.625,-5.55555555555556,-5.55555555555556,-15,664.928571428571,3.27316629398815,"Sem mudanças",4.29422465840759,0,58.8517857142868,39.5719285714285,FALSE,0,"Início ao 1o pico"
2020-06-14,"ARG",23.2733571428565,20.1847857142868,4.5805569464239,2.44056054164701,NA,0,FALSE,"Queda","Queda","Queda",17,2.625,0,-5.55555555555556,-15,685.928571428571,3.30444203683646,"Sem mudanças",4.56056747723889,0,60.0265000000011,39.8417142857143,FALSE,0,"Início ao 1o pico"
2020-06-15,"ARG",24.2911428571422,21.1732142857154,4.37317963213619,1.36796802951122,NA,0,FALSE,"Voluntário","Voluntário","Voluntário",23,2.625,35.2941176470588,35.2941176470588,27.7777777777778,707.214285714286,3.97447892343523,"Sem mudanças",4.8496179374914,0,61.2639285714297,40.0907142857143,FALSE,0,"Início ao 1o pico"
2020-06-16,"ARG",25.0339285714279,22.145642857144,3.05784589327101,3.68460955269145,NA,0,FALSE,"Queda","Queda","Queda",15,2.625,-34.7826086956522,-6.25,-11.7647058823529,729.285714285714,3.01193091322156,"Sem mudanças",4.87714242442789,0,62.6540000000011,40.5083571428571,FALSE,0,"Início ao 1o pico"
2020-06-17,"ARG",25.7355714285708,23.1007142857154,2.80276767244461,6.78560982743499,NA,0,FALSE,"Voluntário","Queda","Queda",16,2.625,6.66666666666667,0,-5.88235294117647,752.857142857143,4.19487281748014,"Sem mudanças",5.00709339001637,0,64.1825000000011,41.0817857142857,FALSE,0,"Início ao 1o pico"
2020-06-18,"ARG",27.3618571428565,24.1487857142868,6.31921353990323,3.02656806354427,NA,0,FALSE,"Voluntário","Queda","Queda",17,2.625,6.25,0,-5.55555555555556,777.142857142857,2.48380407211906,"Sem mudanças",5.00662480092787,0,65.6740000000011,41.5252142857143,FALSE,0,"Início ao 1o pico"
2020-06-19,"ARG",29.2899285714279,25.3200714285726,7.04656638803773,2.06034826531971,NA,0,FALSE,"Queda","Queda","Queda",17,2.625,0,-5.55555555555556,-15,801.928571428571,2.42054052095486,"Sem mudanças",5.05239947128716,0,67.4345714285726,42.1145,FALSE,0,"Início ao 1o pico"
2020-06-20,"ARG",30.3187857142851,26.4722142857154,3.51266525061036,-0.859598853868193,NA,0,FALSE,"Queda","Queda","Queda",17,2.625,0,0,-5.55555555555556,826.5,2.8780737370329,"Sem mudanças",4.89224903437427,0,69.1015000000011,42.6292857142857,FALSE,0,"Início ao 1o pico"
2020-06-21,"ARG",31.5942142857136,27.6609285714297,4.20672708810905,0.867052023121384,NA,0,FALSE,"Queda","Queda","Queda",15,2.625,-11.7647058823529,-11.7647058823529,-16.6666666666667,851.285714285714,2.51081884648352,"Sem mudanças",4.80109796940374,0,71.0673571428583,43.4064285714286,FALSE,0,"Início ao 1o pico"
2020-06-22,"ARG",33.6803571428565,29.0022857142868,6.60292684691379,0.859598853868193,NA,0,FALSE,"Voluntário","Queda","Queda",17,2.625,13.3333333333333,-26.0869565217391,0,876.285714285714,1.38748400148634,"Sem mudanças",4.77261934735367,0,73.1738571428583,44.1715714285715,FALSE,0,"Início ao 1o pico"
2020-06-23,"ARG",35.4677857142851,30.4928571428583,5.30703568209543,3.13791322314054,NA,0,FALSE,"Queda","Voluntário","Voluntário",17,2.625,0,13.3333333333333,6.25,902.071428571429,1.99064423930999,"Sem mudanças",4.76933970592156,0,75.5020714285725,45.0092142857142,FALSE,0,"Início ao 1o pico"
2020-06-24,"ARG",37.7152142857136,32.2042142857154,6.3365347629339,5.54651308376115,NA,0,FALSE,"Queda","Voluntário","Voluntário",17,2.625,0,6.25,6.25,929.285714285714,2.6391538537361,"Sem mudanças",4.86877578770982,0,77.9677857142868,45.7635714285714,FALSE,0,"Início ao 1o pico"
2020-06-25,"ARG",39.6432857142851,33.9587142857154,5.11218473787585,1.04389086595493,NA,0,FALSE,"Voluntário","Voluntário","Voluntário",18,2.625,5.88235294117647,5.88235294117647,5.88235294117647,956.785714285714,2.84298601664683,"Sem mudanças",4.59481796858238,0,80.788142857144,46.8294285714286,FALSE,0,"Início ao 1o pico"
2020-06-26,"ARG",42.0060714285708,35.7752857142868,5.96011574649653,3.62761211552012,NA,0,FALSE,"Voluntário","Voluntário","Voluntário",19,2.625,5.55555555555556,11.7647058823529,5.55555555555556,985.285714285714,1.25790772664092,"Sem mudanças",4.26438754950503,0,83.7107857142868,47.9355,FALSE,0,"Início ao 1o pico"
2020-06-27,"ARG",43.3809999999994,37.6412857142868,3.27316629398815,-1.75597598278011,NA,0,FALSE,"Queda","Voluntário","Voluntário",18,2.625,-5.26315789473685,5.88235294117647,5.88235294117647,1013.28571428571,2.70682308994341,"Sem mudanças",4.21905958424949,0,86.7987142857154,49.1574285714286,FALSE,0,"Início ao 1o pico"
2020-06-28,"ARG",44.8144999999994,39.5298571428583,3.30444203683646,1.78736162361623,NA,0,FALSE,"Voluntário","Voluntário","Voluntário",19,2.625,5.55555555555556,26.6666666666667,11.7647058823529,1041.78571428571,1.1769212059493,"Sem mudanças",4.09792328127624,0,89.828642857144,50.2987857142857,FALSE,0,"Início ao 1o pico"
2020-06-29,"ARG",46.5956428571422,41.3749285714297,3.97447892343523,6.76333975303052,NA,0,FALSE,"Queda","Queda","Queda",17,2.625,-10.5263157894737,0,-26.0869565217391,1072.21428571429,1.89891405571603,"Sem mudanças",3.72539164946,0,92.9497857142868,51.5748571428571,FALSE,0,"Início ao 1o pico"
2020-06-30,"ARG",47.9990714285708,43.1650714285726,3.01193091322156,0.700339558573848,NA,0,FALSE,"Queda","Queda","Voluntário",17,2.625,0,0,13.3333333333333,1102.85714285714,3.37339887575423,"Sem mudanças",3.48850654640389,0,96.0549285714297,52.8898571428571,FALSE,0,"Início ao 1o pico"
2020-07-01,"ARG",50.0125714285708,44.9217857142868,4.19487281748014,2.10748155953637,NA,0.125,TRUE,"Queda","Queda","Imposto",17,2.75,0,0,6.25,1134.14285714286,3.70226203133852,"Restrição",3.22440791003262,0,98.9855000000011,54.0637142857143,FALSE,0,"Início ao 1o pico"
2020-07-02,"ARG",51.2547857142851,46.5805000000011,2.48380407211906,-0.227038183694528,NA,0,FALSE,"Voluntário","Queda","Voluntário",18,2.75,5.88235294117647,0,5.88235294117647,1165.35714285714,2.03185272101465,"Sem mudanças",3.06232228708769,0,101.978357142858,55.3978571428569,FALSE,0,"Início ao 1o pico"
2020-07-03,"ARG",52.4954285714279,48.0790000000011,2.42054052095486,4.809681423252,NA,0,FALSE,"Voluntário","Queda","Voluntário",19,2.75,5.55555555555556,0,11.7647058823529,1198.07142857143,3.73090928882223,"Sem mudanças",2.72645028566943,0,104.809785714287,56.7307857142859,FALSE,0,"Início ao 1o pico"
2020-07-04,"ARG",54.0062857142851,49.5968571428583,2.8780737370329,6.76995953814274,NA,0,FALSE,"Queda","Queda","Voluntário",18,2.75,-5.26315789473685,0,5.88235294117647,1233,1.36087867328418,"Sem mudanças",2.68599719966624,0,107.788642857144,58.1917857142857,FALSE,0,"Início ao 1o pico"
2020-07-05,"ARG",55.3622857142851,51.103642857144,2.51081884648352,1.43266475644699,NA,0,FALSE,"Queda","Queda","Voluntário",18,2.75,0,-5.26315789473685,20,1268.42857142857,3.80082707530911,"Sem mudanças",2.53403142603144,0,110.67942857143,59.575785714286,FALSE,0,"Início ao 1o pico"
2020-07-06,"ARG",56.1304285714279,52.4657142857154,1.38748400148634,8.66593767085846,NA,0,FALSE,"Queda","Queda","Queda",17,2.75,-5.55555555555556,0,0,1306.92857142857,2.83401856592456,"Sem mudanças",2.38577679262293,0,113.347642857144,60.8819285714286,FALSE,0,"Início ao 1o pico"
2020-07-07,"ARG",57.2477857142851,53.7869285714297,1.99064423930999,5.01467505241093,NA,0,FALSE,"Queda","Queda","Queda",17,2.75,0,0,0,1347.35714285714,4.69928120610819,"Sem mudanças",2.41159593280383,0,115.824857142858,62.0379285714283,FALSE,0,"Início ao 1o pico"
2020-07-08,"ARG",58.7586428571422,55.0363571428583,2.6391538537361,2.11610636428972,NA,0,FALSE,"Queda","Queda","Queda",15,2.75,-11.7647058823529,-11.7647058823529,-11.7647058823529,1388.64285714286,4.13342939975643,"Sem mudanças",2.37640944807943,0,118.293000000001,63.2566428571427,FALSE,0,"Início ao 1o pico"
2020-07-09,"ARG",60.4291428571422,56.3470000000011,2.84298601664683,-1.38411010322178,NA,0,FALSE,"Voluntário","Voluntário","Voluntário",23,2.75,53.3333333333333,27.7777777777778,27.7777777777778,1429.35714285714,4.49067171862776,"Sem mudanças",2.34412720871483,0,120.455500000001,64.1084999999999,FALSE,0,"Início ao 1o pico"
2020-07-10,"ARG",61.1892857142851,57.5890000000011,1.25790772664092,3.51280628023156,NA,0,FALSE,"Voluntário","Voluntário","Voluntário",24,2.75,4.34782608695652,26.3157894736842,26.3157894736842,1471.5,3.70811520697734,"Sem mudanças",2.43772497784821,0,122.748500000001,65.1594999999999,FALSE,0,"Início ao 1o pico"
2020-07-11,"ARG",62.8455714285708,58.8517857142868,2.70682308994341,2.20622031561208,NA,0,FALSE,"Queda","Queda","Queda",18,2.75,-25,0,0,1514.57142857143,2.29566687366842,"Sem mudanças",2.32935390186616,0,124.883857142858,66.0320714285712,FALSE,0,"Início ao 1o pico"
2020-07-12,"ARG",63.5852142857137,60.0265000000011,1.1769212059493,1.65642332483886,NA,0,FALSE,"Queda","Queda","Queda",18,2.75,0,0,-5.26315789473685,1558.35714285714,2.52360844130419,"Sem mudanças",2.42149734678227,0,126.872714285715,66.8462142857139,FALSE,0,"Início ao 1o pico"
2020-07-13,"ARG",64.7926428571422,61.2639285714297,1.89891405571603,1.62943301629435,NA,0,FALSE,"Queda","Queda","Queda",16,2.75,-11.1111111111111,-5.88235294117647,-5.88235294117647,1602.85714285714,2.87206455549969,"Sem mudanças",2.52482124424215,0,129.239500000001,67.9755714285713,FALSE,0,"Início ao 1o pico"
2020-07-14,"ARG",66.9783571428565,62.6540000000011,3.37339887575423,6.10127684271624,NA,0,FALSE,"Queda","Queda","Queda",16,2.75,0,-5.88235294117647,-5.88235294117647,1650.07142857143,3.57594254481819,"Sem mudanças",2.71829531329916,0,131.528642857144,68.8746428571429,FALSE,0,"Início ao 1o pico"
2020-07-15,"ARG",69.4580714285708,64.1825000000011,3.70226203133852,5.74358974358975,NA,0,FALSE,"Queda","Voluntário","Queda",16,2.75,0,6.66666666666667,-5.88235294117647,1700,2.1145331899475,"Sem mudanças",2.82502928087204,0,133.966142857144,69.7836428571429,FALSE,0,"Início ao 1o pico"
2020-07-16,"ARG",70.8693571428565,65.6740000000011,2.03185272101465,4.0090526996444,NA,0,FALSE,"Voluntário","Queda","Queda",17,2.75,6.25,-26.0869565217391,-5.55555555555556,1751.92857142857,4.03831217535302,"Sem mudanças",2.94272111672782,0,136.343785714287,70.6697857142859,FALSE,0,"Início ao 1o pico"
2020-07-17,"ARG",73.513428571428,67.4345714285726,3.73090928882223,1.92104445135219,NA,0,FALSE,"Voluntário","Queda","Queda",18,2.75,5.88235294117647,-25,-5.26315789473685,1804.85714285714,1.99888467101317,"Sem mudanças",3.11773593675185,0,138.370785714287,70.9362142857144,FALSE,0,"Início ao 1o pico"
2020-07-18,"ARG",74.5138571428565,69.1015000000011,1.36087867328418,-0.274490667317318,NA,0,FALSE,"Queda","Queda","Queda",16,2.75,-11.1111111111111,-11.1111111111111,-11.1111111111111,1857.64285714286,2.80272752780604,"Sem mudanças",3.08836763558935,0,140.420857142858,71.3193571428569,FALSE,0,"Início ao 1o pico"
2020-07-19,"ARG",77.3459999999994,71.0673571428583,3.80082707530911,1.89614043672399,NA,0,FALSE,"Queda","Queda","Queda",16,2.75,0,-11.1111111111111,-11.1111111111111,1911.42857142857,1.54688683986053,"Sem mudanças",3.18455958097185,0,142.37992857143,71.3125714285717,FALSE,0,"Início ao 1o pico"
2020-07-20,"ARG",79.5379999999994,73.1738571428583,2.83401856592456,5.04832222822498,NA,-0.125,FALSE,"Queda","Queda","Queda",14,2.625,-12.5,-12.5,-17.6470588235294,1967.92857142857,1.07102806548112,"Flexibilização",3.25407033095639,0,143.719000000001,70.5451428571427,FALSE,0,"Início ao 1o pico"
2020-07-21,"ARG",83.2757142857136,75.5020714285725,4.69928120610819,6.95428571428574,NA,0,FALSE,"Voluntário","Queda","Queda",15,2.625,7.14285714285714,-6.25,-11.7647058823529,2028.35714285714,1.90607697007592,"Sem mudanças",3.26853773588953,0,144.819642857144,69.3175714285715,FALSE,0,"Início ao 1o pico"
2020-07-22,"ARG",86.7178571428565,77.9677857142868,4.13342939975643,5.67398621573973,NA,0,FALSE,"Voluntário","Queda","Voluntário",16,2.625,6.66666666666667,0,6.66666666666667,2092.21428571429,1.76318183038848,"Sem mudanças",3.15512853293303,0,145.361285714287,67.3935000000002,FALSE,0,"Início ao 1o pico"
2020-07-23,"ARG",90.6120714285708,80.788142857144,4.49067171862776,9.84377369937817,NA,0,FALSE,"Voluntário","Voluntário","Queda",18,2.625,12.5,5.88235294117647,-21.7391304347826,2162.35714285714,1.75925118522564,"Sem mudanças",3.29844706538577,0,145.810571428573,65.022428571429,FALSE,0,"Início ao 1o pico"
2020-07-24,"ARG",93.9720714285708,83.7107857142868,3.70811520697734,5.19193592930132,NA,0,FALSE,"Voluntário","Voluntário","Queda",19,2.625,5.55555555555556,5.55555555555556,-20.8333333333333,2236.14285714286,2.48100963246014,"Sem mudanças",3.17473102125655,0,146.314285714287,62.6035000000002,FALSE,0,"Início ao 1o pico"
2020-07-25,"ARG",96.1293571428565,86.7987142857154,2.29566687366842,4.83941541962021,NA,0,FALSE,"Queda","Voluntário","Queda",17,2.625,-10.5263157894737,6.25,-5.55555555555556,2313.5,1.60672064394254,"Sem mudanças",3.27772022515097,0,146.863857142858,60.0651428571426,FALSE,0,"Início ao 1o pico"
2020-07-26,"ARG",98.5552857142851,89.828642857144,2.52360844130419,1.01836393989985,NA,0,FALSE,"Queda","Voluntário","Queda",17,2.625,0,6.25,-5.55555555555556,2391.64285714286,0.594203926456238,"Sem mudanças",3.1167244940475,0,147.542285714287,57.713642857143,FALSE,0,"Início ao 1o pico"
2020-07-27,"ARG",101.385857142856,92.9497857142868,2.87206455549969,5.66848454800861,NA,0,FALSE,"Queda","Voluntário","Queda",16,2.625,-5.88235294117647,14.2857142857143,0,2474.21428571429,2.95212445317077,"Sem mudanças",2.99079660115869,0,148.584500000001,55.6347142857142,FALSE,0,"Início ao 1o pico"
2020-07-28,"ARG",105.011357142856,96.0549285714297,3.57594254481819,4.7583672192681,NA,0,FALSE,"Queda","Queda","Queda",15,2.625,-6.25,0,-6.25,2560.71428571429,1.27700574121958,"Sem mudanças",2.79128201287067,0,150.00592857143,53.9510000000003,FALSE,0,"Início ao 1o pico"
2020-07-29,"ARG",107.231857142856,98.9855000000011,2.1145331899475,2.2319262493935,NA,0,FALSE,"Queda","Queda","Queda",15,2.625,0,-6.25,-6.25,2649.14285714286,2.3093429331412,"Sem mudanças",2.62197861505867,0,152.181714285715,53.1962142857139,FALSE,0,"Início ao 1o pico"
2020-07-30,"ARG",111.562214285714,101.978357142858,4.03831217535302,7.34912927603959,NA,0,FALSE,"Voluntário","Queda","Queda",17,2.625,13.3333333333333,-5.55555555555556,0,2744.07142857143,1.25141334581906,"Sem mudanças",2.42687714838709,0,154.785142857144,52.806785714286,FALSE,0,"Início ao 1o pico"
2020-07-31,"ARG",113.792214285714,104.809785714287,1.99888467101317,2.71051557611208,NA,0,FALSE,"Queda","Queda","Queda",17,2.625,0,-10.5263157894737,-5.55555555555556,2841.57142857143,0.48071508798575,"Sem mudanças",2.33922675020729,0,158.444071428572,53.634285714285,FALSE,0,"Início ao 1o pico"
2020-08-01,"ARG",116.981499999999,107.788642857144,2.80272752780604,0.807920267540818,NA,0,FALSE,"Queda","Queda","Queda",16,2.625,-5.88235294117647,-5.88235294117647,0,2939.85714285714,1.56031717142364,"Sem mudanças",2.29001630522687,0,162.315642857144,54.527,FALSE,0,"Início ao 1o pico"
2020-08-02,"ARG",118.791071428571,110.67942857143,1.54688683986053,0.873706684184605,NA,0,FALSE,"Queda","Queda","Queda",16,2.625,0,-5.88235294117647,0,3039,0.100492599291369,"Sem mudanças",2.15220169702344,0,166.425214285715,55.745785714285,FALSE,0,"Início ao 1o pico"
2020-08-03,"ARG",120.063357142857,113.347642857144,1.07102806548112,3.74784279248479,NA,0,FALSE,"Queda","Queda","Voluntário",15,2.625,-6.25,-6.25,7.14285714285714,3141.85714285714,-0.288199339502548,"Sem mudanças",2.15792026114281,0,171.304214285715,57.956571428571,FALSE,0,"Início ao 1o pico"
2020-08-04,"ARG",122.351857142857,115.824857142858,1.90607697007592,3.40217186617289,NA,0,FALSE,"Queda","Queda","Queda",14,2.625,-6.66666666666667,-6.66666666666667,-6.66666666666667,3248.21428571429,0.0519553712167387,"Sem mudanças",1.99371048945719,0,176.620357142858,60.7955,FALSE,0,"Início ao 1o pico"
2020-08-05,"ARG",124.509142857142,118.293000000001,1.76318183038848,1.94864323438355,NA,0,FALSE,"Queda","Queda","Queda",14,2.625,0,-6.66666666666667,-12.5,3356.64285714286,-0.491168261679975,"Sem mudanças",2.00762547111389,0,182.24192857143,63.948928571429,FALSE,0,"Início ao 1o pico"
2020-08-06,"ARG",126.699571428571,120.455500000001,1.75925118522564,2.04239609384305,NA,0,FALSE,"Voluntário","Queda","Queda",16,2.625,14.2857142857143,-5.88235294117647,-11.1111111111111,3467.28571428571,0.774122282230794,"Sem mudanças",1.80856126900432,0,188.133285714287,67.677785714286,FALSE,0,"Início ao 1o pico"
2020-08-07,"ARG",129.842999999999,122.748500000001,2.48100963246014,3.55079652214507,NA,0.125,TRUE,"Imposto","Imposto","Queda",18,2.75,12.5,5.88235294117647,-5.26315789473685,3581.85714285714,0.730434901330357,"Restrição",1.70012058450236,0,193.386357142858,70.637857142857,FALSE,0,"Início ao 1o pico"
2020-08-08,"ARG",131.929214285714,124.883857142858,1.60672064394254,1.6201290468006,NA,0,FALSE,"Queda","Queda","Queda",16,2.75,-11.1111111111111,0,-5.88235294117647,3698.28571428571,1.7404285867114,"Sem mudanças",1.6113769876179,0,198.548714285715,73.664857142857,FALSE,0,"Início ao 1o pico"
2020-08-09,"ARG",132.713142857142,126.872714285715,0.594203926456238,2.26806410469695,NA,0,FALSE,"Voluntário","Voluntário","Queda",17,2.75,6.25,6.25,0,3817.35714285714,0.698983284065235,"Sem mudanças",1.50806311329153,0,203.692071428573,76.819357142858,FALSE,0,"Início ao 1o pico"
2020-08-10,"ARG",136.630999999999,129.239500000001,2.95212445317077,2.2801214618805,NA,0,FALSE,"Queda","Queda","Queda",15,2.75,-11.7647058823529,0,-6.25,3939.14285714286,1.40503615002048,"Sem mudanças",1.41097544150698,0,207.875857142858,78.636357142857,FALSE,0,"Início ao 1o pico"
2020-08-11,"ARG",138.375785714285,131.528642857144,1.27700574121958,7.03777335984097,NA,0,FALSE,"Queda","Voluntário","Queda",15,2.75,0,7.14285714285714,0,4069.5,1.78147838383744,"Sem mudanças",1.27853818444561,0,211.967571428573,80.438928571429,FALSE,0,"Início ao 1o pico"
2020-08-12,"ARG",141.571357142857,133.966142857144,2.3093429331412,5.47795938583457,NA,0,FALSE,"Queda","Queda","Queda",14,2.75,-6.66666666666667,0,-6.66666666666667,4207,2.92424244505087,"Sem mudanças",1.1175131778693,0,215.487857142858,81.521714285714,FALSE,0,"Início ao 1o pico"
2020-08-13,"ARG",143.342999999999,136.343785714287,1.25141334581906,-0.206611570247928,NA,0,FALSE,"Voluntário","Queda","Queda",16,2.75,14.2857142857143,0,-5.88235294117647,4344.21428571429,2.56464086087889,"Sem mudanças",1.04714682765538,0,218.556571428573,82.212785714286,FALSE,0,"Início ao 1o pico"
2020-08-14,"ARG",144.032071428571,138.370785714287,0.48071508798575,3.27969132316961,NA,0,FALSE,"Voluntário","Queda","Queda",17,2.75,6.25,-5.55555555555556,0,4485.92857142857,5.13528375068522,"Sem mudanças",0.922105775431823,0,221.007857142858,82.637071428571,FALSE,0,"Início ao 1o pico"
2020-08-15,"ARG",146.279428571428,140.420857142858,1.56031717142364,2.87256822634288,NA,0,FALSE,"Queda","Queda","Queda",15,2.75,-11.7647058823529,-6.25,-6.25,4631.71428571429,2.34277874892859,"Sem mudanças",0.931656342772456,0,223.319357142858,82.8985,FALSE,0,"Início ao 1o pico"
2020-08-16,"ARG",146.426428571428,142.37992857143,0.100492599291369,0.684248986912905,NA,0,FALSE,"Queda","Queda","Queda",15,2.75,0,-11.7647058823529,-6.25,4778.5,1.53201052400791,"Sem mudanças",0.93914058260167,0,225.68392857143,83.304,FALSE,0,"Início ao 1o pico"
2020-08-17,"ARG",146.004428571428,143.719000000001,-0.288199339502548,-2.62822204627432,NA,0,FALSE,"Voluntário","Voluntário","Voluntário",21,2.75,40,40,40,4921.42857142857,4.17367287023322,"Sem mudanças",0.828634275233792,0,228.070571428573,84.351571428572,FALSE,0,"Início ao 1o pico"
2020-08-18,"ARG",146.080285714285,144.819642857144,0.0519553712167387,3.39710432995279,NA,0,FALSE,"Queda","Queda","Queda",14,2.75,-33.3333333333333,-6.66666666666667,0,5069.21428571429,3.08912072716216,"Sem mudanças",0.864668035420782,0,230.03542857143,85.215785714286,FALSE,0,"Início ao 1o pico"
2020-08-19,"ARG",145.362785714285,145.361285714287,-0.491168261679975,7.49284575223368,NA,0,FALSE,"Voluntário","Voluntário","Voluntário",15,2.75,7.14285714285714,7.14285714285714,7.14285714285714,5228.07142857143,3.46764702403484,"Sem mudanças",0.908589429128615,0,231.781785714287,86.4205,FALSE,0,"Início ao 1o pico"
2020-08-20,"ARG",146.488071428571,145.810571428573,0.774122282230794,1.88997500355641,NA,0,FALSE,"Voluntário","Queda","Queda",16,2.75,6.66666666666667,0,0,5389.92857142857,3.00444194851286,"Sem mudanças",1.00239139449003,0,233.27392857143,87.463357142857,FALSE,0,"Início ao 1o pico"
2020-08-21,"ARG",147.558071428571,146.314285714287,0.730434901330357,2.33958952470232,NA,0,FALSE,"Voluntário","Queda","Queda",17,2.75,6.25,0,-5.55555555555556,5555.57142857143,1.937625441201,"Sem mudanças",1.33486058468285,0,235.098214285715,88.783928571428,FALSE,0,"Início ao 1o pico"
2020-08-22,"ARG",150.126214285714,146.863857142858,1.7404285867114,0.259208731241456,NA,0,FALSE,"Queda","Queda","Queda",15,2.75,-11.7647058823529,0,-6.25,5721.64285714286,1.62980221428277,"Sem mudanças",1.39075069736178,0,236.427142857144,89.563285714286,FALSE,0,"Início ao 1o pico"
2020-08-23,"ARG",151.175571428571,147.542285714287,0.698983284065235,2.32295939194838,NA,0,FALSE,"Voluntário","Voluntário","Queda",16,2.75,6.66666666666667,6.66666666666667,-5.88235294117647,5891.57142857143,1.21034021694664,"Sem mudanças",1.49300197769867,0,237.660357142858,90.118071428571,FALSE,0,"Início ao 1o pico"
2020-08-24,"ARG",153.299642857142,148.584500000001,1.40503615002048,9.37345643831453,NA,0,FALSE,"Queda","Queda","Queda",15,2.75,-6.25,-28.5714285714286,0,6077.42857142857,0.367419411176328,"Sem mudanças",1.81170713553694,0,238.660357142858,90.075857142857,FALSE,0,"Início ao 1o pico"
2020-08-25,"ARG",156.030642857142,150.00592857143,1.78147838383744,-1.65184464670326,NA,0,FALSE,"Queda","Voluntário","Queda",15,2.75,0,7.14285714285714,0,6260.21428571429,2.37421054088578,"Sem mudanças",2.02864751810447,0,239.34692857143,89.341,FALSE,0,"Início ao 1o pico"
2020-08-26,"ARG",160.593357142857,152.181714285715,2.92424244505087,2.61916956606205,NA,0,FALSE,"Queda","Queda","Voluntário",15,2.75,0,0,7.14285714285714,6447.78571428571,1.21726192200744,"Sem mudanças",2.31142003851267,0,239.948785714287,87.767071428572,FALSE,0,"Início ao 1o pico"
2020-08-27,"ARG",164.711999999999,154.785142857144,2.56464086087889,2.36128321630182,NA,0,FALSE,"Queda","Queda","Queda",15,2.75,0,-6.25,-6.25,6639.78571428571,1.26737677592248,"Sem mudanças",2.47072858610425,0,240.751000000001,85.965857142857,FALSE,0,"Início ao 1o pico"
2020-08-28,"ARG",173.170428571428,158.444071428572,5.13528375068522,2.08319322079493,NA,0,FALSE,"Voluntário","Queda","Queda",17,2.75,13.3333333333333,0,0,6835.78571428571,-0.145945742228482,"Sem mudanças",2.55695648180929,0,241.598500000001,83.154428571429,FALSE,0,"Início ao 1o pico"
2020-08-29,"ARG",177.227428571428,162.315642857144,2.34277874892859,-1.02116445688875,NA,0,FALSE,"Queda","Voluntário","Voluntário",17,2.75,0,13.3333333333333,13.3333333333333,7029.78571428571,1.07585897145166,"Sem mudanças",2.54905459806439,0,242.699142857144,80.3835,FALSE,0,"Início ao 1o pico"
2020-08-30,"ARG",179.942571428571,166.425214285715,1.53201052400791,1.3994508694567,NA,0,FALSE,"Queda","Voluntário","Voluntário",17,2.75,0,6.25,13.3333333333333,7226.5,1.28683580723166,"Sem mudanças",2.58558009327021,0,243.425000000001,76.999785714286,FALSE,0,"Início ao 1o pico"
2020-08-31,"ARG",187.452785714285,171.304214285715,4.17367287023322,3.34121045030851,NA,0,FALSE,"Queda","Queda","Queda",15,2.75,-11.7647058823529,0,-28.5714285714286,7429.78571428571,0.407837484366236,"Sem mudanças",2.5114646119242,0,244.677142857144,73.372928571429,FALSE,0,"Início ao 1o pico"
2020-09-01,"ARG",193.243428571428,176.620357142858,3.08912072716216,0.879756082068228,NA,0,FALSE,"Voluntário","Voluntário","Voluntário",16,2.75,6.66666666666667,6.66666666666667,14.2857142857143,7634.85714285714,0.939677772311032,"Sem mudanças",2.55380262314193,0,246.287214285715,69.666857142857,FALSE,0,"Início ao 1o pico"
2020-09-02,"ARG",199.944428571428,182.24192857143,3.46764702403484,-2.8917293706514,NA,0,FALSE,"Voluntário","Voluntário","Voluntário",17,2.75,6.25,13.3333333333333,13.3333333333333,7834,0.496974954826679,"Sem mudanças",2.43187544292455,0,248.428285714287,66.186357142857,FALSE,0,"Início ao 1o pico"
2020-09-03,"ARG",205.951642857142,188.133285714287,3.00444194851286,2.00846180032099,NA,0,FALSE,"Queda","Voluntário","Queda",16,2.75,-5.88235294117647,6.66666666666667,0,8037.14285714286,0.450479797934089,"Sem mudanças",2.33921372257052,0,250.510214285715,62.376928571428,FALSE,0,"Início ao 1o pico"
2020-09-04,"ARG",209.942214285714,193.386357142858,1.937625441201,1.72260361047545,NA,0,FALSE,"Voluntário","Queda","Queda",17,2.75,6.25,0,0,8243.78571428571,0.8377951583181,"Sem mudanças",1.96198304450525,0,252.881071428573,59.494714285715,FALSE,0,"Início ao 1o pico"
2020-09-05,"ARG",213.363857142857,198.548714285715,1.62980221428277,-0.0687371117915281,NA,0,FALSE,"Queda","Queda","Queda",15,2.75,-11.7647058823529,-11.7647058823529,0,8450.28571428571,-0.42695618770825,"Sem mudanças",1.87148877468547,0,255.563500000001,57.014785714286,FALSE,0,"Início ao 1o pico"
2020-09-06,"ARG",215.946285714285,203.692071428573,1.21034021694664,-0.587793896948474,NA,0,FALSE,"Voluntário","Queda","Voluntário",17,2.75,13.3333333333333,0,6.25,8655.57142857143,0.956142795793591,"Sem mudanças",1.85397629491574,0,258.122214285715,54.430142857142,FALSE,0,"Início ao 1o pico"
2020-09-07,"ARG",216.739714285714,207.875857142858,0.367419411176328,-3.86212102151214,NA,0,FALSE,"Queda","Queda","Queda",15,2.75,-11.7647058823529,0,0,8852.92857142857,-0.283812189261057,"Sem mudanças",1.5849880530681,0,260.807785714287,52.931928571429,FALSE,0,"Início ao 1o pico"
2020-09-08,"ARG",221.885571428571,211.967571428573,2.37421054088578,2.85919916252291,NA,0,FALSE,"Queda","Queda","Queda",14,2.75,-6.66666666666667,-12.5,-6.66666666666667,9055.92857142857,0,"Sem mudanças",1.43145641343587,0,263.748071428573,51.7805,FALSE,0,"Início ao 1o pico"
2020-09-09,"ARG",224.586499999999,215.487857142858,1.21726192200744,-0.809426881241648,NA,0,FALSE,"Queda","Queda","Queda",13,2.75,-7.14285714285714,-23.5294117647059,-13.3333333333333,9257.28571428571,0.240564926536813,"Sem mudanças",1.21926555134958,0,266.937642857144,51.449785714286,FALSE,0,"Início ao 1o pico"
2020-09-10,"ARG",227.432857142857,218.556571428573,1.26737677592248,1.34669338677356,NA,0,FALSE,"Voluntário","Queda","Queda",14,2.75,7.69230769230769,-12.5,-6.66666666666667,9461.35714285714,1.02419998453032,"Sem mudanças",1.03683968345109,0,270.282285714287,51.725714285714,FALSE,0,"Início ao 1o pico"
2020-09-11,"ARG",227.100928571428,221.007857142858,-0.145945742228482,0.699201138970174,NA,0,FALSE,"Voluntário","Queda","Queda",16,2.75,14.2857142857143,-5.88235294117647,-5.88235294117647,9666.85714285714,0.948956863223671,"Sem mudanças",0.958280377530887,0,273.488785714287,52.480928571429,FALSE,0,"Início ao 1o pico"
2020-09-12,"ARG",229.544214285714,223.319357142858,1.07585897145166,1.14677097569789,NA,0,FALSE,"Queda","Queda","Queda",14,2.75,-12.5,-6.66666666666667,-17.6470588235294,9874.71428571429,0.304133672357421,"Sem mudanças",0.811369063102957,0,276.539857142858,53.2205,FALSE,0,"Início ao 1o pico"
2020-09-13,"ARG",232.498071428571,225.68392857143,1.28683580723166,-0.515632037523106,NA,0,FALSE,"Voluntário","Queda","Queda",15,2.75,7.14285714285714,-11.7647058823529,-11.7647058823529,10081.5,-0.137815509734862,"Sem mudanças",0.793212104449168,0,280.098071428573,54.414142857143,FALSE,0,"Início ao 1o pico"
2020-09-14,"ARG",233.446285714285,228.070571428573,0.407837484366236,3.86855046444463,NA,0,FALSE,"Queda","Queda","Queda",14,2.75,-6.66666666666667,-6.66666666666667,-6.66666666666667,10296.2857142857,1.21832026432573,"Sem mudanças",0.746695561560783,0,282.58542857143,54.514857142857,FALSE,0,"Início ao 1o pico"
2020-09-15,"ARG",235.639928571428,230.03542857143,0.939677772311032,-2.461936182045,NA,0,FALSE,"Queda","Queda","Queda",14,2.75,0,0,-12.5,10505.7857142857,1.00517232385409,"Sem mudanças",0.577109094354656,0,284.42142857143,54.386,FALSE,0,"Início ao 1o pico"
2020-09-16,"ARG",236.810999999999,231.781785714287,0.496974954826679,2.21588720240389,NA,0,FALSE,"Queda","Voluntário","Queda",14,2.75,0,7.69230769230769,-17.6470588235294,10719.9285714286,1.70654342876211,"Sem mudanças",0.507345023249611,0,285.51642857143,53.734642857143,FALSE,0,"Início ao 1o pico"
2020-09-17,"ARG",237.877785714285,233.27392857143,0.450479797934089,3.36785611988,NA,0,FALSE,"Voluntário","Voluntário","Queda",15,2.75,7.14285714285714,7.14285714285714,-6.25,10941.2857142857,0.802530465271811,"Sem mudanças",0.489975252435885,0,286.861571428573,53.587642857143,FALSE,0,"Início ao 1o pico"
2020-09-18,"ARG",239.870714285714,235.098214285715,0.8377951583181,-2.12930418422854,NA,0,FALSE,"Voluntário","Queda","Queda",16,2.75,6.66666666666667,0,-5.88235294117647,11157.9285714286,1.67922020013138,"Sem mudanças",0.568182581396753,0,288.145571428573,53.047357142858,FALSE,0,"Início ao 1o pico"
2020-09-19,"ARG",238.846571428571,236.427142857144,-0.42695618770825,0.889624033260317,NA,0,FALSE,"Queda","Voluntário","Queda",15,2.75,-6.25,7.14285714285714,0,11376.5,1.11607264380731,"Sem mudanças",0.513059345747165,0,289.704071428573,53.276928571429,FALSE,0,"Início ao 1o pico"
2020-09-20,"ARG",241.130285714285,237.660357142858,0.956142795793591,4.37935720193787,NA,0,FALSE,"Voluntário","Voluntário","Queda",16,2.75,6.66666666666667,6.66666666666667,-5.88235294117647,11604.6428571429,-0.454477418271038,"Sem mudanças",0.411298537392413,0,291.58092857143,53.920571428572,FALSE,0,"Início ao 1o pico"
2020-09-21,"ARG",240.445928571428,238.660357142858,-0.283812189261057,4.97813751432736,NA,0,FALSE,"Queda","Voluntário","Queda",15,2.75,-6.25,7.14285714285714,0,11844.1428571429,1.471990532529,"Sem mudanças",0.469190164532377,0,294.366071428573,55.705714285715,FALSE,0,"Início ao 1o pico"
2020-09-22,"ARG",240.445928571428,239.34692857143,0,5.78538018790355,NA,0,FALSE,"Queda","Queda","Queda",14,2.75,-6.66666666666667,0,0,12097.5,1.5998319893906,"Sem mudanças",0.473868346785453,0,297.550642857144,58.203714285714,FALSE,0,"Início ao 1o pico"
2020-09-23,"ARG",241.024357142857,239.948785714287,0.240564926536813,4.8203978134278,NA,0,FALSE,"Queda","Queda","Voluntário",14,2.75,0,0,7.69230769230769,12363.0714285714,2.21831543802327,"Sem mudanças",0.560266094923698,0,301.037500000001,61.088714285714,FALSE,0,"Início ao 1o pico"
2020-09-24,"ARG",243.492928571428,240.751000000001,1.02419998453032,3.79275971894679,NA,0,FALSE,"Voluntário","Queda","Voluntário",15,2.75,7.14285714285714,0,7.14285714285714,12638.7142857143,1.12825137332815,"Sem mudanças",0.585412571162107,0,304.022214285715,63.271214285714,FALSE,0,"Início ao 1o pico"
2020-09-25,"ARG",245.803571428571,241.598500000001,0.948956863223671,5.20952894052611,NA,0,FALSE,"Voluntário","Voluntário","Voluntário",18,2.75,20,12.5,12.5,12928.7142857143,1.19592874672363,"Sem mudanças",0.645514359863055,0,306.727000000001,65.1285,FALSE,0,"Início ao 1o pico"
2020-09-26,"ARG",246.551142857142,242.699142857144,0.304133672357421,5.41912501391517,NA,0,FALSE,"Queda","Voluntário","Voluntário",17,2.75,-5.55555555555556,13.3333333333333,21.4285714285714,13234.4285714286,0.646391484493702,"Sem mudanças",0.755730704971309,0,308.793571428573,66.094428571429,FALSE,0,"Início ao 1o pico"
2020-09-27,"ARG",246.211357142857,243.425000000001,-0.137815509734862,2.73395425457772,NA,0,FALSE,"Voluntário","Voluntário","Voluntário",18,2.75,5.88235294117647,12.5,20,13548.5,0.817518801038863,"Sem mudanças",0.654972118252407,0,309.965071428573,66.540071428572,FALSE,0,"Início ao 1o pico"
2020-09-28,"ARG",249.210999999999,244.677142857144,1.21832026432573,1.11422903368386,NA,0,FALSE,"Queda","Queda","Voluntário",15,2.75,-16.6666666666667,0,7.14285714285714,13866.0714285714,-1.24833803707969,"Sem mudanças",0.780386598380269,0,311.237785714287,66.560642857143,FALSE,0,"Início ao 1o pico"
2020-09-29,"ARG",251.715999999999,246.287214285715,1.00517232385409,4.97097721889581,NA,0,FALSE,"Queda","Queda","Queda",13,2.75,-13.3333333333333,-7.14285714285714,-7.14285714285714,14199.4285714286,-0.0952474619654531,"Sem mudanças",0.894660311908169,0,312.376357142858,66.089142857143,FALSE,0,"Início ao 1o pico"
2020-09-30,"ARG",256.011642857142,248.428285714287,1.70654342876211,3.30037477847398,NA,0,FALSE,"Queda","Queda","Queda",13,2.75,0,-7.14285714285714,-7.14285714285714,14543.7857142857,0.29929102495152,"Sem mudanças",1.03592820558577,0,312.863142857144,64.434857142857,FALSE,0,"Início ao 1o pico"
2020-10-01,"ARG",258.066214285714,250.510214285715,0.802530465271811,62.3733230835576,NA,0,FALSE,"Voluntário","Queda","Queda",14,2.75,7.69230769230769,-6.66666666666667,-6.66666666666667,15102.9285714286,1.71024380570768,"Sem mudanças",1.04336044764276,0,312.863142857144,62.352928571429,FALSE,0,"Início ao 1o pico"
2020-10-02,"ARG",262.399714285714,252.881071428573,1.67922020013138,1.46880521010151,NA,0,FALSE,"Voluntário","Queda","Queda",15,2.75,7.14285714285714,-16.6666666666667,-6.25,15670.2857142857,1.00998691721701,"Sem mudanças",1.06100129646419,0,312.863142857144,59.982071428571,FALSE,0,"Início ao 1o pico"
2020-10-03,"ARG",265.328285714285,255.563500000001,1.11607264380731,0.667440510737105,NA,0,FALSE,"Queda","Queda","Queda",14,2.75,-6.66666666666667,-17.6470588235294,-6.66666666666667,16241.4285714286,1.28066004482628,"Sem mudanças",1.08544828304535,0,312.863142857144,57.299642857143,FALSE,0,"Início ao 1o pico"
2020-10-04,"ARG",264.122428571428,258.122214285715,-0.454477418271038,-0.387748065498905,NA,0,FALSE,"Voluntário","Queda","Queda",16,2.75,14.2857142857143,-11.1111111111111,0,16810.3571428571,1.53635971314885,"Sem mudanças",1.15368644810062,0,312.863142857144,54.740928571429,FALSE,0,"Início ao 1o pico"
2020-10-05,"ARG",268.010285714285,260.807785714287,1.471990532529,0.263855237100885,NA,0,FALSE,"Queda","Queda","Queda",13,2.75,-18.75,-13.3333333333333,-13.3333333333333,17380.7857142857,0.910066112701746,"Sem mudanças",0.977496569428799,0,312.863142857144,52.055357142857,FALSE,0,"Início ao 1o pico"
2020-10-06,"ARG",272.297999999999,263.748071428573,1.5998319893906,-1.38994216120158,NA,0,FALSE,"Queda","Queda","Queda",12,2.75,-7.69230769230769,-7.69230769230769,-14.2857142857143,17943.2857142857,0.827740298267599,"Sem mudanças",0.898895156155975,0,312.863142857144,49.115071428571,FALSE,0,"Início ao 1o pico"
2020-10-07,"ARG",278.338428571428,266.937642857144,2.21831543802327,-0.317374685781835,NA,0,FALSE,"Queda","Queda","Queda",11,2.75,-8.33333333333334,-15.3846153846154,-21.4285714285714,18504,0.965896919882181,"Sem mudanças",0.798377127312361,0,312.863142857144,45.9255,FALSE,0,"Início ao 1o pico"
2020-10-08,"ARG",281.478785714285,270.282285714287,1.12825137332815,1.19754273442763,NA,0,FALSE,"Voluntário","Queda","Queda",13,2.75,18.1818181818182,-7.14285714285714,-13.3333333333333,19071.4285714286,0.443443724457859,"Sem mudanças",0.863213794486352,0,312.863142857144,42.580857142857,FALSE,0,"Início ao 1o pico"
2020-10-09,"ARG",284.845071428571,273.488785714287,1.19592874672363,0.918819587071673,NA,0,FALSE,"Voluntário","Queda","Queda",14,2.75,7.69230769230769,-6.66666666666667,-22.2222222222222,19644.0714285714,0.31376638562246,"Sem mudanças",0.815411417135326,0,312.863142857144,39.374357142857,FALSE,0,"Início ao 1o pico"
2020-10-10,"ARG",286.686285714285,276.539857142858,0.646391484493702,0.262143147070781,NA,-0.125,FALSE,"Queda","Queda","Queda",12,2.625,-14.2857142857143,-14.2857142857143,-29.4117647058823,20218.2142857143,-0.225362302787979,"Flexibilização",0.827167660065252,0,312.863142857144,36.323285714286,FALSE,0,"Início ao 1o pico"
2020-10-11,"ARG",289.029999999999,280.098071428573,0.817518801038863,1.00759633171961,NA,0,FALSE,"Voluntário","Queda","Queda",14,2.625,16.6666666666667,-12.5,-22.2222222222222,20798.1428571429,-0.542384178569288,"Sem mudanças",0.96937031230953,0,312.863142857144,32.765071428571,FALSE,0,"Início ao 1o pico"
2020-10-12,"ARG",285.421928571428,282.58542857143,-1.24833803707969,-0.566685778858955,NA,0,FALSE,"Voluntário","Voluntário","Voluntário",19,2.625,35.7142857142857,46.1538461538461,26.6666666666667,21374.7857142857,1.11413541908554,"Sem mudanças",0.92923285375044,0,312.863142857144,30.277714285714,FALSE,0,"Início ao 1o pico"
2020-10-13,"ARG",285.150071428571,284.42142857143,-0.0952474619654531,-0.247448536862549,NA,0,FALSE,"Queda","Queda","Queda",12,2.625,-36.8421052631579,0,-7.69230769230769,21950,0.505101313873402,"Sem mudanças",0.874083447241654,0,312.863142857144,28.441714285714,FALSE,0,"Início ao 1o pico"
2020-10-14,"ARG",286.003499999999,285.51642857143,0.29929102495152,-0.856993731093658,NA,0,FALSE,"Queda","Voluntário","Queda",12,2.625,0,9.09090909090908,-7.69230769230769,22520.2857142857,-0.505076582409481,"Sem mudanças",0.784624981660148,0,312.863142857144,27.346714285714,FALSE,0,"Início ao 1o pico"
2020-10-15,"ARG",290.894857142856,286.861571428573,1.71024380570768,-36.6982915756224,NA,0,FALSE,"Voluntário","Queda","Queda",13,2.625,8.33333333333333,0,-7.14285714285714,22881.2857142857,-1.92831941454841,"Sem mudanças",0.735710149597984,0,312.863142857144,26.001571428571,FALSE,0,"Início ao 1o pico"
2020-10-16,"ARG",293.832857142856,288.145571428573,1.00998691721701,1.38520008942544,NA,0,FALSE,"Voluntário","Queda","Queda",14,2.625,7.69230769230769,0,-6.66666666666667,23247.2857142857,-1.62629797135733,"Sem mudanças",0.672698552376472,0,312.863142857144,24.717571428571,FALSE,0,"Início ao 1o pico"
2020-10-17,"ARG",297.595857142857,289.704071428573,1.28066004482628,3.66838957785736,NA,0,FALSE,"Queda","Queda","Queda",12,2.625,-14.2857142857143,0,-14.2857142857143,23626.7142857143,-1.96535705775632,"Sem mudanças",0.610430424713495,1,312.863142857144,23.159071428571,FALSE,0,"Início ao 1o pico"
2020-10-18,"ARG",302.167999999999,291.58092857143,1.53635971314885,-1.18604987535416,NA,0,FALSE,"Queda","Queda","Queda",10,2.625,-16.6666666666667,-28.5714285714286,-37.5,24001.6428571429,-2.10431574602955,"Sem mudanças",0.513294497598627,2,312.863142857144,21.282214285714,FALSE,0,"Início ao 1o pico"
2020-10-19,"ARG",304.917928571428,294.366071428573,0.910066112701746,-0.0189428185191964,NA,0,FALSE,"Voluntário","Queda","Voluntário",15,2.625,50,-21.0526315789474,15.3846153846154,24376.5,-1.84059531116985,"Sem mudanças",0.682042601610429,3,312.863142857144,18.497071428571,FALSE,0,"Início ao 1o pico"
2020-10-20,"ARG",307.441857142857,297.550642857144,0.827740298267599,0.476243788592545,NA,0,FALSE,"Queda","Voluntário","Voluntário",15,2.625,0,25,25,24753.1428571429,-2.32283650914378,"Sem mudanças",0.72492465702749,4,312.863142857144,15.3125,FALSE,0,"Início ao 1o pico"
2020-10-21,"ARG",310.411428571428,301.037500000001,0.965896919882181,0.379703437044632,NA,0,FALSE,"Queda","Voluntário","Voluntário",14,2.625,-6.66666666666667,16.6666666666667,27.2727272727273,25131.2142857143,-4.35336078252503,"Sem mudanças",0.667469827930276,5,312.863142857144,11.825642857143,FALSE,0,"Início ao 1o pico"
2020-10-22,"ARG",311.787928571428,304.022214285715,0.443443724457859,-0.8692459419535,NA,0,FALSE,"Voluntário","Voluntário","Voluntário",16,2.625,14.2857142857143,23.0769230769231,23.0769230769231,25506,-3.09899228066564,"Sem mudanças",0.407572455054841,6,312.863142857144,8.840928571429,FALSE,0,"Início ao 1o pico"
2020-10-23,"ARG",312.766214285714,306.727000000001,0.31376638562246,-2.55394289159739,NA,0,FALSE,"Queda","Voluntário","Voluntário",15,2.625,-6.25,7.14285714285714,7.14285714285714,25871.2142857143,-2.40668124523673,"Sem mudanças",0.219266391585245,7,312.863142857144,6.136142857143,FALSE,0,"Início ao 1o pico"
2020-10-24,"ARG",312.061357142857,308.793571428573,-0.225362302787979,-1.58401838592769,NA,0,FALSE,"Queda","Voluntário","Voluntário",13,2.625,-13.3333333333333,8.33333333333333,8.33333333333333,26230.6428571429,-2.46543548902803,"Sem mudanças",-0.0125919728849405,8,312.863142857144,4.06957142857101,FALSE,0,"Início ao 1o pico"
2020-10-25,"ARG",310.368785714285,309.965071428573,-0.542384178569288,-0.0790386031723211,NA,0,FALSE,"Voluntário","Voluntário","Voluntário",17,2.625,30.7692307692308,70,21.4285714285714,26589.7857142857,-2.52197233412712,"Sem mudanças",-0.272640219969112,9,312.863142857144,2.89807142857097,FALSE,0,"Início ao 1o pico"
2020-10-26,"ARG",313.826714285714,311.237785714287,1.11413541908554,1.73033707865167,NA,0,FALSE,"Queda","Queda","Queda",13,2.625,-23.5294117647059,-13.3333333333333,-31.5789473684211,26955.1428571429,-2.23953151613574,"Sem mudanças",-0.46911603595994,10,312.863142857144,1.62535714285701,FALSE,0,"Início ao 1o pico"
2020-10-27,"ARG",315.411857142856,312.376357142858,0.505101313873402,0.840291583830366,NA,0,FALSE,"Queda","Queda","Queda",12,2.625,-7.69230769230769,-20,0,27323.5714285714,-1.57287752262718,"Sem mudanças",-0.694157236489324,11,312.863142857144,0.486785714285986,FALSE,0,"Início ao 1o pico"
2020-10-28,"ARG",313.818785714285,312.863142857144,-0.505076582409481,-0.155091740707625,NA,0,FALSE,"Voluntário","Queda","Voluntário",13,2.625,8.33333333333333,-7.14285714285714,8.33333333333333,27691.4285714286,-2.08685069034442,"Sem mudanças",-1.0741042152327,12,312.863142857144,0,TRUE,1,"1o ao 2o Pico"
2020-10-29,"ARG",307.767357142856,312.288785714287,-1.92831941454841,-0.970609658706978,NA,0,FALSE,"Queda","Queda","Queda",13,2.625,0,-18.75,0,28055.7142857143,-1.47315191473673,"Sem mudanças",-1.3271353584558,13,312.863142857144,0.574357142857025,FALSE,1,"1o ao 2o Pico"
2020-10-30,"ARG",302.762142857142,310.859642857144,-1.62629797135733,-0.607924284182437,NA,0,FALSE,"Queda","Queda","Queda",13,2.625,0,-13.3333333333333,-7.14285714285714,28417.7857142857,-1.08015244374414,"Sem mudanças",-1.52145304637432,14,312.863142857144,2.00349999999997,FALSE,1,"1o ao 2o Pico"
2020-10-31,"ARG",296.811785714285,308.681142857144,-1.96535705775632,-3.43268810685021,NA,0,FALSE,"Queda","Queda","Queda",11,2.625,-15.3846153846154,-15.3846153846154,-8.33333333333334,28767.4285714286,-0.917364170588064,"Sem mudanças",-1.68145827396289,14,312.863142857144,4.18200000000002,FALSE,1,"1o ao 2o Pico"
2020-11-01,"ARG",290.565928571428,305.852214285715,-2.10431574602955,-0.449647760532579,NA,0,FALSE,"Queda","Queda","Voluntário",11,2.625,0,-35.2941176470588,10,29115.5,-0.698931760679533,"Sem mudanças",-1.82285742793131,14,312.863142857144,7.01092857142902,FALSE,1,"1o ao 2o Pico"
2020-11-02,"ARG",285.217785714285,301.765285714287,-1.84059531116985,0.697458727508815,NA,0,FALSE,"Voluntário","Queda","Queda",12,2.625,9.09090909090908,-7.69230769230769,-20,29466,-1.24491474190255,"Sem mudanças",-2.0624050661614,14,312.863142857144,11.097857142857,FALSE,1,"1o ao 2o Pico"
2020-11-03,"ARG",278.592642857142,296.50542857143,-2.32283650914378,0.917363592823217,NA,0,FALSE,"Queda","Queda","Queda",11,2.625,-8.33333333333334,-8.33333333333334,-26.6666666666667,29819.7142857143,-1.12677825959541,"Sem mudanças",-2.21083212591144,14,312.863142857144,16.357714285714,FALSE,1,"1o ao 2o Pico"
2020-11-04,"ARG",266.464499999999,289.740500000001,-4.35336078252503,0.989339953271018,NA,0,FALSE,"Queda","Queda","Queda",11,2.625,0,-15.3846153846154,-21.4285714285714,30176.9285714286,-0.23931328139708,"Sem mudanças",-2.32381599076394,14,312.863142857144,23.122642857143,FALSE,1,"1o ao 2o Pico"
2020-11-05,"ARG",258.206785714285,282.66042857143,-3.09899228066564,-3.83906300835051,NA,0,FALSE,"Queda","Queda","Queda",11,2.625,0,-15.3846153846154,-31.25,30520.4285714286,-0.751811944026048,"Sem mudanças",-2.29130402649167,14,312.863142857144,30.202714285714,FALSE,1,"1o ao 2o Pico"
2020-11-06,"ARG",251.992571428571,275.407642857144,-2.40668124523673,-0.22837487312507,NA,-0.125,FALSE,"Voluntário","Queda","Queda",12,2.5,9.09090909090908,-7.69230769230769,-20,30863.1428571429,-1.64496298142075,"Flexibilização",-2.25229363166216,14,312.863142857144,37.4555,FALSE,1,"1o ao 2o Pico"
2020-11-07,"ARG",245.779857142856,268.117357142858,-2.46543548902803,-1.31309991428114,NA,0,FALSE,"Queda","Queda","Queda",10,2.5,-16.6666666666667,-9.09090909090909,-23.0769230769231,31201.3571428571,-0.688792570604979,"Sem mudanças",-2.17743699686443,14,312.863142857144,44.745785714286,FALSE,1,"1o ao 2o Pico"
2020-11-08,"ARG",239.581357142856,260.833857142858,-2.52197233412712,-1.49951797798925,NA,0,FALSE,"Voluntário","Queda","Queda",11,2.5,10,0,-35.2941176470588,31534.5,-0.886855197073499,"Sem mudanças",-2.07705242648228,14,312.863142857144,52.029285714286,FALSE,1,"1o ao 2o Pico"
2020-11-09,"ARG",234.215857142856,253.547857142858,-2.23953151613574,-1.24326524283888,NA,0,FALSE,"Queda","Queda","Queda",11,2.5,0,-8.33333333333334,-15.3846153846154,31863.5,-3.16110251978533,"Sem mudanças",-2.03450381439176,14,312.863142857144,59.315285714286,FALSE,1,"1o ao 2o Pico"
2020-11-10,"ARG",230.531928571428,246.682000000001,-1.57287752262718,-3.32146046137392,NA,0,FALSE,"Queda","Queda","Queda",10,2.5,-9.09090909090909,-9.09090909090909,-16.6666666666667,32181.5714285714,-3.87735255170235,"Sem mudanças",-1.94907108228117,14,312.863142857144,66.181142857143,FALSE,1,"1o ao 2o Pico"
2020-11-11,"ARG",225.721071428571,240.861500000001,-2.08685069034442,0.15731568691133,NA,0,FALSE,"Queda","Queda","Queda",10,2.5,0,-9.09090909090909,-23.0769230769231,32500.1428571429,-1.91670902703969,"Sem mudanças",-1.65521054648631,14,312.863142857144,72.001642857143,FALSE,1,"1o ao 2o Pico"
2020-11-12,"ARG",222.395857142856,235.745642857144,-1.47315191473673,-2.69043300264483,NA,0,FALSE,"Voluntário","Queda","Queda",11,2.5,10,0,-15.3846153846154,32810.1428571429,-1.81146995262305,"Sem mudanças",-1.48755480815491,14,312.863142857144,77.1175,FALSE,1,"1o ao 2o Pico"
2020-11-13,"ARG",219.993642857142,231.174357142858,-1.08015244374414,-2.00462365143499,NA,0,FALSE,"Queda","Queda","Queda",11,2.5,0,-8.33333333333334,-15.3846153846154,33113.9285714286,-3.49225989631617,"Sem mudanças",-1.43314636073948,14,312.863142857144,81.688785714286,FALSE,1,"1o ao 2o Pico"
2020-11-14,"ARG",217.975499999999,227.202285714287,-0.917364170588064,1.22312784927154,NA,0,FALSE,"Queda","Voluntário","Queda",11,2.5,0,10,0,33421.4285714286,-2.13710063596666,"Sem mudanças",-1.30624329513784,14,312.863142857144,85.660857142857,FALSE,1,"1o ao 2o Pico"
2020-11-15,"ARG",216.451999999999,223.898071428573,-0.698931760679533,-0.208915111176433,NA,0,FALSE,"Queda","Queda","Queda",10,2.5,-9.09090909090909,-9.09090909090909,-9.09090909090909,33728.2857142857,-0.196268197389238,"Sem mudanças",-1.18944921391972,14,312.863142857144,88.965071428571,FALSE,1,"1o ao 2o Pico"
2020-11-16,"ARG",213.757357142856,220.975357142858,-1.24491474190255,-4.46899163642102,NA,0,FALSE,"Voluntário","Queda","Queda",11,2.5,10,0,-8.33333333333334,34021.4285714286,-2.00063173012689,"Sem mudanças",-1.25527571418041,14,312.863142857144,91.887785714286,FALSE,1,"1o ao 2o Pico"
2020-11-17,"ARG",211.348785714285,218.234857142858,-1.12677825959541,-1.2179677778145,NA,0,FALSE,"Queda","Queda","Queda",10,2.5,-9.09090909090909,0,-9.09090909090909,34311,-2.4343387636962,"Sem mudanças",-1.41988107340006,14,312.863142857144,94.628285714286,FALSE,1,"1o ao 2o Pico"
2020-11-18,"ARG",210.842999999999,216.10942857143,-0.23931328139708,-5.59971460741799,NA,0,FALSE,"Queda","Queda","Queda",10,2.5,0,0,-9.09090909090909,34584.3571428571,-2.70262957609781,"Sem mudanças",-1.40772809744973,14,312.863142857144,96.753714285714,FALSE,1,"1o ao 2o Pico"
2020-11-19,"ARG",209.257857142856,214.232571428573,-0.751811944026048,-1.59427478211578,NA,0,FALSE,"Voluntário","Queda","Queda",11,2.5,10,0,0,34853.3571428571,-2.44924742391038,"Sem mudanças",-1.43189367158446,14,312.863142857144,98.630571428571,FALSE,1,"1o ao 2o Pico"
2020-11-20,"ARG",205.815642857142,212.207142857144,-1.64496298142075,-2.97499039938555,NA,0,FALSE,"Queda","Queda","Queda",11,2.5,0,0,-8.33333333333334,35114.3571428571,-2.75589845213765,"Sem mudanças",-1.60418706105389,14,312.863142857144,100.656,FALSE,1,"1o ao 2o Pico"
2020-11-21,"ARG",204.397999999999,210.267500000001,-0.688792570604979,-2.73720144961597,NA,0,FALSE,"Queda","Queda","Queda",8,2.5,-27.2727272727273,-27.2727272727273,-20,35368.2142857143,-2.02846719331858,"Sem mudanças",-1.69131109429522,14,312.863142857144,102.595642857143,FALSE,1,"1o ao 2o Pico"
2020-11-22,"ARG",202.585285714285,208.286571428573,-0.886855197073499,-3.15122844498704,NA,0,FALSE,"Queda","Queda","Queda",8,2.5,0,-20,-27.2727272727273,35614.0714285714,-0.967427153401335,"Sem mudanças",-1.6554065540602,14,312.863142857144,104.576571428571,FALSE,1,"1o ao 2o Pico"
2020-11-23,"ARG",196.181357142856,205.775714285716,-3.16110251978533,-6.59549883137688,NA,0,FALSE,"Voluntário","Voluntário","Voluntário",15,2.5,87.5,36.3636363636364,36.3636363636364,35843.7142857143,-1.14938831840191,"Sem mudanças",-1.70938633893337,14,312.863142857144,107.087428571428,FALSE,1,"1o ao 2o Pico"
2020-11-24,"ARG",188.574714285714,202.522285714287,-3.87735255170235,1.05714486539676,NA,0,FALSE,"Queda","Queda","Queda",10,2.5,-33.3333333333333,0,0,36075.7857142857,-3.87658235648489,"Sem mudanças",-1.80278351779771,14,312.863142857144,110.340857142857,FALSE,1,"1o ao 2o Pico"
2020-11-25,"ARG",184.960285714285,198.824785714287,-1.91670902703969,-2.0309652649297,NA,0,FALSE,"Voluntário","Voluntário","Voluntário",11,2.5,10,10,10,36303.1428571429,-3.73335685678781,"Sem mudanças",-1.9787346817049,14,312.863142857144,114.038357142857,FALSE,1,"1o ao 2o Pico"
2020-11-26,"ARG",181.609785714285,194.875071428573,-1.81146995262305,-0.753972198162645,NA,0,FALSE,"Queda","Queda","Queda",11,2.5,0,0,0,36528.7857142857,-2.41530116945202,"Sem mudanças",-2.09998007312521,14,312.288785714287,117.413714285714,FALSE,1,"1o ao 2o Pico"
2020-11-27,"ARG",175.267499999999,190.511071428573,-3.49225989631617,0.38056541146847,NA,0,FALSE,"Queda","Queda","Queda",10,2.5,-9.09090909090909,-9.09090909090909,-9.09090909090909,36755.2857142857,-0.886609521116211,"Sem mudanças",-2.17933260674785,14,310.859642857144,120.348571428571,FALSE,1,"1o ao 2o Pico"
2020-11-28,"ARG",171.521857142856,185.814500000001,-2.13710063596666,-4.92004218807902,NA,0,FALSE,"Voluntário","Voluntário","Queda",11,2.5,10,37.5,0,36970.6428571429,-1.00426504180491,"Sem mudanças",-2.27502365122739,14,308.681142857144,122.866642857143,FALSE,1,"1o ao 2o Pico"
2020-11-29,"ARG",171.185214285714,181.328785714287,-0.196268197389238,0.730025483435748,NA,0,FALSE,"Queda","Voluntário","Voluntário",11,2.5,0,37.5,10,37187.5714285714,-2.30711235376764,"Sem mudanças",-2.28077879096509,14,305.852214285715,124.523428571428,FALSE,1,"1o ao 2o Pico"
2020-11-30,"ARG",167.760428571428,177.268714285716,-2.00063173012689,-1.12058574043484,NA,0,FALSE,"Queda","Queda","Queda",9,2.5,-18.1818181818182,-40,-18.1818181818182,37402.0714285714,-0.836731195191154,"Sem mudanças",-2.13708491943771,14,301.765285714287,124.496571428571,FALSE,1,"1o ao 2o Pico"
2020-12-01,"ARG",163.676571428571,173.711857142858,-2.4343387636962,-6.0276322918548,NA,0,FALSE,"Queda","Queda","Queda",8,2.5,-11.1111111111111,-20,-20,37603.6428571429,-1.34199084471045,"Sem mudanças",-2.1370299054936,14,296.50542857143,122.793571428572,FALSE,1,"1o ao 2o Pico"
2020-12-02,"ARG",159.252999999999,170.03942857143,-2.70262957609781,-0.459648617050223,NA,0,FALSE,"Voluntário","Queda","Queda",9,2.5,12.5,-18.1818181818182,-10,37804.2857142857,-0.888802209925454,"Sem mudanças",-2.26679046476133,14,289.740500000001,119.701071428571,FALSE,1,"1o ao 2o Pico"
2020-12-03,"ARG",155.352499999999,166.288357142858,-2.44924742391038,-1.2807311108251,NA,0,FALSE,"Queda","Queda","Queda",9,2.5,0,-18.1818181818182,-18.1818181818182,38002.3571428571,-0.393788202565981,"Sem mudanças",-2.3099212659634,14,282.66042857143,116.372071428572,FALSE,1,"1o ao 2o Pico"
2020-12-04,"ARG",151.071142857142,162.831714285716,-2.75589845213765,-1.83845100723644,NA,0,FALSE,"Queda","Queda","Queda",8,2.5,-11.1111111111111,-20,-27.2727272727273,38196.7857142857,0.134396078630261,"Sem mudanças",-2.12380338202054,14,275.407642857144,112.575928571428,FALSE,1,"1o ao 2o Pico"
2020-12-05,"ARG",148.006714285714,159.47242857143,-2.02846719331858,0.293883243674031,NA,0,FALSE,"Queda","Queda","Queda",5,2.5,-37.5,-54.5454545454545,-37.5,38391.7857142857,0.774022342585123,"Sem mudanças",-2.04288655386613,14,268.117357142858,108.644928571428,FALSE,1,"1o ao 2o Pico"
2020-12-06,"ARG",146.574857142856,155.956642857144,-0.967427153401335,1.3906133598212,NA,0,FALSE,"Voluntário","Queda","Queda",6,2.5,20,-45.4545454545455,-25,38589.5,1.08353650982143,"Sem mudanças",-2.19366113646459,14,260.833857142858,104.877214285714,FALSE,1,"1o ao 2o Pico"
2020-12-07,"ARG",144.890142857142,152.689500000001,-1.14938831840191,-0.0718425993958771,NA,0,FALSE,"Voluntário","Voluntário","Queda",10,2.5,66.6666666666667,11.1111111111111,-33.3333333333333,38787.0714285714,3.39492986343852,"Sem mudanças",-2.11052538396918,14,253.547857142858,100.858357142857,FALSE,1,"1o ao 2o Pico"
2020-12-08,"ARG",139.273357142856,149.203357142858,-3.87658235648489,-6.83322167938433,NA,0,FALSE,"Voluntário","Voluntário","Voluntário",12,2.5,20,50,20,38971.1428571429,5.60562150144908,"Sem mudanças",-2.03250053261305,14,246.682000000001,97.478642857143,FALSE,1,"1o ao 2o Pico"
2020-12-09,"ARG",134.073785714285,145.606285714287,-3.73335685678781,-2.67805468352655,NA,0,FALSE,"Queda","Queda","Queda",6,2.5,-50,-33.3333333333333,-45.4545454545455,39150.2857142857,3.84609071669975,"Sem mudanças",-1.90294143502931,13,240.861500000001,95.255214285714,FALSE,1,"1o ao 2o Pico"
2020-12-10,"ARG",130.835499999999,142.103857142858,-2.41530116945202,-0.719022561810712,NA,0,FALSE,"Voluntário","Queda","Queda",8,2.5,33.3333333333333,-11.1111111111111,-27.2727272727273,39328.1428571429,-7.89007964570639,"Sem mudanças",-1.756122919219,13,235.745642857144,93.641785714286,FALSE,1,"1o ao 2o Pico"
2020-12-11,"ARG",129.675499999999,139.047285714287,-0.886609521116211,-4.01684424518542,NA,0,FALSE,"Queda","Queda","Queda",8,2.5,0,0,-20,39498.8571428571,4.3809180089031,"Sem mudanças",-1.54967330987843,12,231.174357142858,92.127071428571,FALSE,1,"1o ao 2o Pico"
2020-12-12,"ARG",128.373214285714,136.242500000001,-1.00426504180491,-1.84001512859303,NA,0,FALSE,"Queda","Voluntário","Queda",7,2.5,-12.5,40,-36.3636363636364,39666.4285714286,-1.83156865386227,"Sem mudanças",-1.34949548588531,11,227.202285714287,90.959785714286,FALSE,1,"1o ao 2o Pico"
2020-12-13,"ARG",125.411499999999,133.219142857144,-2.30711235376764,-2.25981081549697,NA,0,FALSE,"Voluntário","Voluntário","Queda",10,2.5,42.8571428571429,66.6666666666667,-9.09090909090909,39830.2142857143,1.75942972220784,"Sem mudanças",-1.2029980813694,10,223.898071428573,90.678928571429,FALSE,1,"1o ao 2o Pico"
2020-12-14,"ARG",124.362142857142,130.286571428573,-0.836731195191154,0.786454842906137,NA,0,FALSE,"Queda","Queda","Queda",7,2.5,-30,-30,-22.2222222222222,39995.2857142857,2.53002275263334,"Sem mudanças",-0.878403925523656,9,220.975357142858,90.688785714285,FALSE,1,"1o ao 2o Pico"
2020-12-15,"ARG",122.693214285714,127.918000000001,-1.34199084471045,-1.51369956779379,NA,0,FALSE,"Queda","Queda","Queda",6,2.5,-14.2857142857143,-50,-25,40157.8571428571,5.34877086378414,"Sem mudanças",-0.201103649956944,8,218.234857142858,90.316857142857,FALSE,1,"1o ao 2o Pico"
2020-12-16,"ARG",121.602714285714,126.136357142858,-0.888802209925454,-2.94485593439109,NA,0,FALSE,"Queda","Queda","Queda",6,2.5,0,0,-33.3333333333333,40315.6428571429,5.35232906227594,"Sem mudanças",0.340285462435025,7,220.246071428573,94.109714285715,FALSE,1,"1o ao 2o Pico"
2020-12-17,"ARG",121.123857142856,124.749000000001,-0.393788202565981,0.904329323185205,NA,0,FALSE,"Voluntário","Queda","Queda",7,2.5,16.6666666666667,-12.5,-22.2222222222222,40474.8571428571,4.39707465034405,"Sem mudanças",-0.0507701430117159,6,225.812571428573,101.063571428572,FALSE,1,"1o ao 2o Pico"
2020-12-18,"ARG",121.286642857142,123.550571428573,0.134396078630261,-3.09623261283912,NA,0,FALSE,"Queda","Queda","Queda",6,2.5,-14.2857142857143,-25,-25,40629.1428571429,-2.88900616346935,"Sem mudanças",0.325481823418235,5,230.554500000001,107.003928571428,FALSE,1,"1o ao 2o Pico"
2020-12-19,"ARG",122.225428571428,122.672285714287,0.774022342585123,-1.343349166161,NA,0,FALSE,"Queda","Queda","Queda",5,2.5,-16.6666666666667,-28.5714285714286,0,40781.3571428571,-0.565062481277712,"Sem mudanças",0.266388708271281,4,234.980857142858,112.308571428571,FALSE,1,"1o ao 2o Pico"
2020-12-20,"ARG",123.549785714285,122.406357142858,1.08353650982143,-4.12946191859848,NA,0,FALSE,"Voluntário","Queda","Voluntário",7,2.5,40,-30,16.6666666666667,40927.2857142857,1.81028454865053,"Sem mudanças",0.556855999412386,3,239.062857142858,116.6565,FALSE,1,"1o ao 2o Pico"
2020-12-21,"ARG",127.744214285714,122.889500000001,3.39492986343852,3.2299455776293,NA,0,FALSE,"Queda","Queda","Queda",4,2.5,-42.8571428571429,-42.8571428571429,-60,41077.9285714286,2.38253676052818,"Sem mudanças",0.797338424256993,2,242.291000000001,119.4015,FALSE,1,"1o ao 2o Pico"
2020-12-22,"ARG",134.905071428571,124.634071428573,5.60562150144908,6.44850199305647,NA,0,FALSE,"Queda","Queda","Queda",3,2.5,-25,-50,-75,41238.2857142857,5.54902691138208,"Sem mudanças",1.27524997486375,1,245.002357142858,120.368285714285,FALSE,1,"1o ao 2o Pico"
2020-12-23,"ARG",140.093642857142,127.275642857144,3.84609071669975,-6.81484165811037,NA,0,FALSE,"Queda","Queda","Queda",2,2.5,-33.3333333333333,-66.6666666666667,-66.6666666666667,41387.7142857143,4.5183151577505,"Sem mudanças",1.72104506573528,1,246.779214285716,119.503571428572,FALSE,1,"1o ao 2o Pico"
2020-12-24,"ARG",129.040142857142,128.406571428573,-7.89007964570639,-9.99006178974206,NA,0,FALSE,"Voluntário","Queda","Queda",7,2.5,250,0,-12.5,41522.2142857143,12.3190353812139,"Sem mudanças",2.06324955522885,0,246.779214285716,118.372642857143,FALSE,1,"1o ao 2o Pico"
2020-12-25,"ARG",134.693285714285,130.321857142858,4.3809180089031,-3.55719840622151,NA,0,FALSE,"Voluntário","Voluntário","Voluntário",12,2.5,71.4285714285714,100,50,41651.9285714286,2.10638443477604,"Sem mudanças",1.84729225222174,0,246.779214285716,116.457357142858,FALSE,1,"1o ao 2o Pico"
2020-12-26,"ARG",132.226285714285,131.750571428573,-1.83156865386227,0.935788949726235,NA,0,FALSE,"Queda","Voluntário","Voluntário",9,2.5,-25,80,28.5714285714286,41782.8571428571,5.70194892237297,"Sem mudanças",1.75164333623153,0,246.779214285716,115.028642857143,FALSE,1,"1o ao 2o Pico"
2020-12-27,"ARG",134.552714285714,133.32242857143,1.75942972220784,2.7838051089851,NA,0,FALSE,"Queda","Voluntário","Queda",8,2.5,-11.1111111111111,14.2857142857143,-20,41917.4285714286,2.0405189038311,"Sem mudanças",1.80355391043361,0,246.779214285716,113.456785714286,FALSE,1,"1o ao 2o Pico"
2020-12-28,"ARG",137.956928571428,134.781357142858,2.53002275263334,-3.0274679141178,NA,0,FALSE,"Queda","Voluntário","Queda",7,2.5,-12.5,75,0,42047.9285714286,1.07110590717039,"Sem mudanças",1.73124011736859,0,246.779214285716,111.997857142858,FALSE,1,"1o ao 2o Pico"
2020-12-29,"ARG",145.335928571428,136.27142857143,5.34877086378414,-0.712465675481777,NA,0,FALSE,"Queda","Voluntário","Queda",6,2.5,-14.2857142857143,100,0,42177.5,1.51915464250698,"Sem mudanças",1.72719764664952,0,246.779214285716,110.507785714286,FALSE,1,"1o ao 2o Pico"
2020-12-30,"ARG",153.114785714285,138.131642857144,5.35232906227594,-0.882023171795177,NA,0,FALSE,"Queda","Voluntário","Queda",5,2.5,-16.6666666666667,150,-16.6666666666667,42305.9285714286,0.67349280579303,"Sem mudanças",1.77521367815314,0,246.779214285716,108.647571428572,FALSE,1,"1o ao 2o Pico"
2020-12-31,"ARG",159.847357142856,142.532642857144,4.39707465034405,-4.83899348935422,NA,0,FALSE,"Voluntário","Voluntário","Voluntário",8,2.5,60,14.2857142857143,14.2857142857143,42428.1428571429,1.18468784270596,"Sem mudanças",2.48924682675903,0,246.779214285716,104.246571428572,FALSE,1,"1o ao 2o Pico"
2021-01-01,"ARG",155.229357142856,145.466357142858,-2.88900616346935,-3.74049027895181,NA,0,FALSE,"Voluntário","Queda","Voluntário",11,2.5,37.5,-8.33333333333334,83.3333333333333,42545.7857142857,5.68314069759734,"Sem mudanças",2.58360617772116,0,246.779214285716,101.312857142858,FALSE,1,"1o ao 2o Pico"
2021-01-02,"ARG",154.352214285714,148.627214285716,-0.565062481277712,-2.12403951701429,NA,0,FALSE,"Queda","Voluntário","Voluntário",10,2.5,-9.09090909090909,11.1111111111111,100,42660.9285714286,2.40594634458968,"Sem mudanças",2.86018386041355,0,246.779214285716,98.152,FALSE,1,"1o ao 2o Pico"
2021-01-03,"ARG",157.146428571428,151.854857142858,1.81028454865053,3.53558010430102,NA,0,FALSE,"Queda","Queda","Voluntário",8,2.5,-20,0,14.2857142857143,42780.1428571429,0.878174625429806,"Sem mudanças",2.81101787362516,0,246.779214285716,94.924357142858,FALSE,1,"1o ao 2o Pico"
2021-01-04,"ARG",160.890499999999,155.131071428573,2.38253676052818,-1.91729628726949,NA,0,FALSE,"Queda","Voluntário","Voluntário",8,2.5,0,14.2857142857143,100,42897.0714285714,-0.0233498378768626,"Sem mudanças",2.73881300861613,0,246.779214285716,91.648142857143,FALSE,1,"1o ao 2o Pico"
2021-01-05,"ARG",169.818357142856,158.628500000001,5.54902691138208,-6.47450233302964,NA,0,FALSE,"Queda","Voluntário","Voluntário",8,2.5,0,33.3333333333333,166.666666666667,43006.4285714286,-1.04046539481565,"Sem mudanças",2.40486457590248,0,246.779214285716,88.150714285715,FALSE,1,"1o ao 2o Pico"
2021-01-06,"ARG",177.491285714285,162.110857142858,4.5183151577505,8.55523410285175,NA,0,FALSE,"Queda","Voluntário","Voluntário",8,2.5,0,60,300,43125.1428571429,-0.847354082485974,"Sem mudanças",2.10717591736177,0,246.779214285716,84.668357142858,FALSE,1,"1o ao 2o Pico"
2021-01-08,"ARG",203.555714285714,174.658714285716,2.10638443477604,2.37738113094346,NA,0,FALSE,"Voluntário","Queda","Queda",9,2.5,12.5,-18.1818181818182,-25,43386.5,-1.69399644447648,"Sem mudanças",2.19903777787986,0,246.779214285716,72.1205,FALSE,1,"1o ao 2o Pico"
2021-01-09,"ARG",215.162357142856,183.345857142858,5.70194892237297,3.51134227040757,NA,0,FALSE,"Queda","Queda","Queda",7,2.5,-22.2222222222222,-30,-22.2222222222222,43523.3571428571,-1.79097574088369,"Sem mudanças",2.57724867131265,0,246.779214285716,63.433357142858,FALSE,1,"1o ao 2o Pico"
2021-01-10,"ARG",219.552785714285,192.261000000001,2.0405189038311,-3.70597532495106,NA,0,FALSE,"Queda","Queda","Queda",7,2.5,0,-12.5,-12.5,43655.1428571429,-1.87911335111201,"Sem mudanças",2.68033703607747,0,246.779214285716,54.518214285715,FALSE,1,"1o ao 2o Pico"
2021-01-11,"ARG",221.904428571428,200.977285714287,1.07110590717039,-3.1969622733954,NA,0,FALSE,"Voluntário","Voluntário","Voluntário",10,2.5,42.8571428571429,25,42.8571428571429,43782.7142857143,-0.776493924066735,"Sem mudanças",2.54936315132551,0,246.779214285716,45.801928571429,FALSE,1,"1o ao 2o Pico"
2021-01-12,"ARG",225.275499999999,208.899785714287,1.51915464250698,2.46235606731622,NA,0,FALSE,"Queda","Queda","Voluntário",7,2.5,-30,-12.5,16.6666666666667,43913.4285714286,-2.34501016653772,"Sem mudanças",2.30486299737238,1,246.779214285716,37.879428571429,FALSE,1,"1o ao 2o Pico"
2021-01-13,"ARG",226.792714285714,215.942785714287,0.67349280579303,-0.545840742936177,NA,0,FALSE,"Queda","Queda","Queda",5,2.5,-28.5714285714286,-37.5,0,44043.4285714286,-1.33944281289103,"Sem mudanças",1.84797864066752,2,246.779214285716,30.836428571429,FALSE,1,"1o ao 2o Pico"
2021-01-14,"ARG",229.479499999999,220.246071428573,1.18468784270596,3.29798594382498,NA,0,FALSE,"Queda","Queda","Queda",5,2.5,0,-37.5,-37.5,44177.7142857143,-2.75206386042727,"Sem mudanças",1.41321254227064,3,246.779214285716,26.533142857143,FALSE,1,"1o ao 2o Pico"
2021-01-15,"ARG",242.521142857142,225.812571428573,5.68314069759734,1.49056376968384,NA,0,FALSE,"Voluntário","Queda","Queda",7,2.5,40,-22.2222222222222,-36.3636363636364,44314,-1.8500203501568,"Sem mudanças",1.14175676518117,4,246.779214285716,20.966642857143,FALSE,1,"1o ao 2o Pico"
2021-01-16,"ARG",248.356071428571,230.554500000001,2.40594634458968,0.630107781594247,NA,0,FALSE,"Queda","Queda","Queda",7,2.5,0,0,-30,44451.1428571429,-1.53422808338308,"Sem mudanças",0.606547860662841,5,246.779214285716,16.224714285715,FALSE,1,"1o ao 2o Pico"
2021-01-17,"ARG",250.537071428571,234.980857142858,0.878174625429806,0.261293284056419,NA,0,FALSE,"Queda","Queda","Queda",5,2.5,-28.5714285714286,-28.5714285714286,-37.5,44588.6428571429,-1.75690676731375,"Sem mudanças",0.326574128166905,6,246.779214285716,11.798357142858,FALSE,1,"1o ao 2o Pico"
2021-01-18,"ARG",250.478571428571,239.062857142858,-0.0233498378768626,14.1834147257701,NA,0,FALSE,"Queda","Queda","Queda",5,2.5,0,-50,-37.5,44745.6428571429,-1.22738639437239,"Sem mudanças",0.194602711649967,7,246.779214285716,7.71635714285799,FALSE,1,"1o ao 2o Pico"
2021-01-19,"ARG",247.872428571428,242.291000000001,-1.04046539481565,3.77521436061934,NA,0,FALSE,"Queda","Queda","Queda",5,2.5,0,-28.5714285714286,-37.5,44908.5714285714,-1.93474075117419,"Sem mudanças",-0.0814090604246544,8,246.779214285716,4.488214285715,FALSE,1,"1o ao 2o Pico"
2021-01-20,"ARG",245.772071428571,245.002357142858,-0.847354082485974,-1.79714280053102,NA,0,FALSE,"Queda","Queda","Queda",5,2.5,0,0,-37.5,45068.5714285714,-2.35203710765054,"Sem mudanças",-0.225190176044944,9,246.779214285716,1.77685714285801,FALSE,1,"1o ao 2o Pico"
2021-01-21,"ARG",241.917357142856,246.779214285716,-1.56841021980586,-0.310721924054713,NA,0,FALSE,"Voluntário","Voluntário","Queda",6,2.5,20,20,-25,45228.0714285714,-2.06915166461711,"Sem mudanças",-0.506386726268747,10,246.779214285716,0,TRUE,2,"pós 2o pico"
2021-01-22,"ARG",237.819285714285,246.107571428573,-1.69399644447648,3.09059261658031,NA,0,FALSE,"Queda","Queda","Queda",6,2.5,0,-14.2857142857143,-33.3333333333333,45392.5,-2.00658811402371,"Sem mudanças",-1.04446965825119,11,246.779214285716,0.671642857142984,FALSE,2,"pós 2o pico"
2021-01-23,"ARG",233.559999999999,243.993857142858,-1.79097574088369,0.781388043584941,NA,0,FALSE,"Queda","Queda","Queda",5,2.5,-16.6666666666667,-28.5714285714286,-28.5714285714286,45558.2142857143,-1.44777115754782,"Sem mudanças",-1.32591068882067,12,246.779214285716,2.785357142858,FALSE,2,"pós 2o pico"
2021-01-24,"ARG",229.171142857142,240.941642857144,-1.87911335111201,0.516237118422858,NA,0,FALSE,"Queda","Queda","Queda",4,2.5,-20,-20,-42.8571428571429,45724.7857142857,-1.19916032330236,"Sem mudanças",-1.51413078830235,13,246.779214285716,5.83757142857201,FALSE,2,"pós 2o pico"
2021-01-25,"ARG",227.391642857142,237.643500000001,-0.776493924066735,2.05821931082599,NA,0,FALSE,"Voluntário","Voluntário","Queda",6,2.5,50,20,-40,45894.7857142857,-2.14280834382419,"Sem mudanças",-1.6001333994806,14,246.779214285716,9.13571428571498,FALSE,2,"pós 2o pico"
2021-01-26,"ARG",222.059285714285,233.955857142858,-2.34501016653772,1.05203190277252,NA,0,FALSE,"Voluntário","Voluntário","Queda",7,2.5,16.6666666666667,40,0,46066.5714285714,-2.36222529878424,"Sem mudanças",-1.66401021064907,14,246.779214285716,12.823357142858,FALSE,2,"pós 2o pico"
2021-01-27,"ARG",219.084928571428,230.14342857143,-1.33944281289103,1.95437290938474,NA,0,FALSE,"Queda","Voluntário","Voluntário",6,2.5,-14.2857142857143,20,20,46241.7142857143,-2.87181515745034,"Sem mudanças",-1.7714875695894,14,246.779214285716,16.635785714286,FALSE,2,"pós 2o pico"
2021-01-28,"ARG",213.055571428571,226.020357142858,-2.75206386042727,0.978729678917678,NA,0,FALSE,"Voluntário","Voluntário","Voluntário",7,2.5,16.6666666666667,16.6666666666667,40,46418.5714285714,-2.05751236113233,"Sem mudanças",-1.80725481564734,14,246.779214285716,20.758857142858,FALSE,2,"pós 2o pico"
2021-01-29,"ARG",209.113999999999,221.919642857144,-1.8500203501568,2.9077302181254,NA,0,FALSE,"Voluntário","Voluntário","Voluntário",8,2.5,14.2857142857143,33.3333333333333,14.2857142857143,46600.5714285714,-2.61325979236166,"Sem mudanças",-1.82958279204357,14,246.779214285716,24.859571428572,FALSE,2,"pós 2o pico"
2021-01-30,"ARG",205.905714285714,217.969071428573,-1.53422808338308,3.45347475965803,NA,0,FALSE,"Voluntário","Voluntário","Voluntário",9,2.5,12.5,80,28.5714285714286,46788.8571428571,-0.843849481011827,"Sem mudanças",-1.80506817894815,14,246.779214285716,28.810142857143,FALSE,2,"pós 2o pico"
2021-01-31,"ARG",202.288142857142,214.128642857144,-1.75690676731375,-2.61808829832832,NA,0,FALSE,"Queda","Voluntário","Voluntário",9,2.5,0,125,80,46972.2142857143,-0.735229520248182,"Sem mudanças",-1.75650010553318,14,246.779214285716,32.650571428572,FALSE,2,"pós 2o pico"
2021-02-01,"ARG",199.805285714285,210.187785714287,-1.22738639437239,-5.84351561674707,NA,0,FALSE,"Queda","Voluntário","Voluntário",7,2.5,-22.2222222222222,16.6666666666667,40,47144.8571428571,-3.40402428013225,"Sem mudanças",-1.85409399265871,14,246.779214285716,36.591428571429,FALSE,2,"pós 2o pico"
2021-02-02,"ARG",195.939571428571,206.45642857143,-1.93474075117419,-2.35793489033079,NA,0,FALSE,"Queda","Queda","Voluntário",6,2.5,-14.2857142857143,-14.2857142857143,20,47313.4285714286,-5.97873894898652,"Sem mudanças",-1.85532364496203,14,246.779214285716,40.322785714286,FALSE,2,"pós 2o pico"
2021-02-03,"ARG",191.330999999999,202.491571428573,-2.35203710765054,-1.56842468114443,NA,0,FALSE,"Queda","Queda","Queda",5,2.5,-16.6666666666667,-16.6666666666667,0,47479.3571428571,-3.49894473224475,"Sem mudanças",-1.96477881243056,14,246.779214285716,44.287642857143,FALSE,2,"pós 2o pico"
2021-02-04,"ARG",187.372071428571,198.822500000001,-2.06915166461711,0.945543687620365,NA,0,FALSE,"Queda","Queda","Queda",5,2.5,0,-28.5714285714286,-16.6666666666667,47646.8571428571,-1.41238001257822,"Sem mudanças",-1.91516799105235,14,246.779214285716,47.956714285715,FALSE,2,"pós 2o pico"
2021-02-05,"ARG",183.612285714285,195.179357142858,-2.00658811402371,2.7715139250265,NA,0,FALSE,"Queda","Queda","Queda",5,2.5,0,-37.5,-16.6666666666667,47819,-0.573066814984013,"Sem mudanças",-1.96968509406698,14,246.779214285716,51.599857142858,FALSE,2,"pós 2o pico"
2021-02-06,"ARG",180.953999999999,191.614785714287,-1.44777115754782,-1.5340472216492,NA,0,FALSE,"Queda","Queda","Queda",3,2.5,-40,-66.6666666666667,-40,47988.5,-0.869198537457627,"Sem mudanças",-1.92037233675475,14,246.779214285716,55.164428571429,FALSE,2,"pós 2o pico"
2021-02-07,"ARG",178.784071428571,188.257071428573,-1.19916032330236,-1.22083611084658,NA,0,FALSE,"Voluntário","Queda","Queda",4,2.5,33.3333333333333,-55.5555555555556,0,48155.9285714286,0.0607377046532243,"Sem mudanças",-1.84739539053578,14,246.779214285716,58.522142857143,FALSE,2,"pós 2o pico"
2021-02-08,"ARG",174.953071428571,184.706785714287,-2.14280834382419,0.85415702606817,NA,0,FALSE,"Voluntário","Queda","Queda",5,2.5,25,-28.5714285714286,-16.6666666666667,48324.7857142857,0.31313667266859,"Sem mudanças",-2.00286952523291,14,246.779214285716,62.072428571429,FALSE,2,"pós 2o pico"
2021-02-09,"ARG",170.820285714285,181.118357142858,-2.36222529878424,-2.15841092014454,NA,0,FALSE,"Queda","Queda","Queda",5,2.5,0,-16.6666666666667,-28.5714285714286,48490,-0.376264743607313,"Sem mudanças",-2.29172653936236,14,246.779214285716,65.660857142858,FALSE,2,"pós 2o pico"
2021-02-10,"ARG",165.914642857142,177.487500000001,-2.87181515745034,-3.19864004064248,NA,0,FALSE,"Queda","Queda","Queda",4,2.5,-20,-20,-33.3333333333333,48649.9285714286,0.528997107854789,"Sem mudanças",-2.37364851254766,14,246.779214285716,69.291714285715,FALSE,2,"pós 2o pico"
2021-02-11,"ARG",162.500928571428,173.93442857143,-2.05751236113233,1.51793463999514,NA,0,FALSE,"Voluntário","Queda","Queda",5,2.5,25,0,-28.5714285714286,48812.2857142857,1.09388550036611,"Sem mudanças",-2.32673625168774,14,246.779214285716,72.844785714286,FALSE,2,"pós 2o pico"
2021-02-12,"ARG",158.254357142856,170.311857142858,-2.61325979236166,-0.835106277215514,NA,0,FALSE,"Queda","Queda","Queda",5,2.5,0,0,-37.5,48973.2857142857,-2.42441101123536,"Sem mudanças",-2.22434187318491,14,246.779214285716,76.467357142858,FALSE,2,"pós 2o pico"
2021-02-13,"ARG",156.918928571428,166.878214285716,-0.843849481011827,0.132336133779809,NA,0,FALSE,"Queda","Voluntário","Queda",4,2.5,-20,33.3333333333333,-55.5555555555556,49134.5,-0.706455515565907,"Sem mudanças",-2.18301525746418,14,246.779214285716,79.901,FALSE,2,"pós 2o pico"
2021-02-14,"ARG",155.765214285714,163.589785714287,-0.735229520248182,0.222271170828403,NA,0,FALSE,"Voluntário","Voluntário","Queda",5,2.5,25,25,-44.4444444444444,49296.0714285714,-1.30319844163062,"Sem mudanças",-2.09302254118164,14,246.779214285716,83.189428571429,FALSE,2,"pós 2o pico"
2021-02-15,"ARG",150.462928571428,160.091142857144,-3.40402428013225,-8.13586413586417,NA,0,FALSE,"Voluntário","Voluntário","Voluntário",10,2.5,100,100,42.8571428571429,49444.5,1.71514250188947,"Sem mudanças",-1.91759789714644,14,246.779214285716,86.688071428572,FALSE,2,"pós 2o pico"
2021-02-16,"ARG",141.467142857142,155.897785714287,-5.97873894898652,-3.46470050893908,NA,0,FALSE,"Queda","Voluntário","Voluntário",9,2.5,-10,80,50,49587.7857142857,3.19409141570912,"Sem mudanças",-1.77574357177666,14,246.779214285716,90.881428571429,FALSE,2,"pós 2o pico"
2021-02-17,"ARG",136.517285714285,151.698142857144,-3.49894473224475,3.53948405993016,NA,0,FALSE,"Queda","Queda","Queda",3,2.5,-66.6666666666667,-25,-40,49736.1428571429,2.09186754620088,"Sem mudanças",-1.53282840996915,13,246.779214285716,95.081071428572,FALSE,2,"pós 2o pico"
2021-02-18,"ARG",134.589142857142,147.710714285715,-1.41238001257822,3.85151014013405,NA,0,FALSE,"Voluntário","Queda","Queda",5,2.5,66.6666666666667,0,0,49890.2142857143,-0.273428188646818,"Sem mudanças",-1.30772856271926,12,246.779214285716,99.068500000001,FALSE,2,"pós 2o pico"
2021-02-19,"ARG",133.817857142856,144.219785714287,-0.573066814984013,-6.58341365293551,NA,0,FALSE,"Queda","Queda","Queda",5,2.5,0,0,0,50034.1428571429,0.00575524647747905,"Sem mudanças",-1.29423936406738,11,246.107571428573,101.887785714286,FALSE,2,"pós 2o pico"
2021-02-20,"ARG",132.654714285714,140.753500000001,-0.869198537457627,-0.150278126682224,3.21284030651809,0,FALSE,"Queda","Queda","Voluntário",4,2.5,-20,0,33.3333333333333,50177.8571428571,-1.24352831262774,"Sem mudanças",-1.28442550939267,10,243.993857142858,103.240357142857,FALSE,2,"pós 2o pico"
2021-02-21,"ARG",132.735285714285,137.463500000001,0.0607377046532243,0.745782510052351,2.59802026151061,0,FALSE,"Voluntário","Queda","Voluntário",5,2.5,25,0,25,50322.6428571429,-0.91416373678932,"Sem mudanças",-1.32499471806285,9,240.941642857144,103.478142857143,FALSE,2,"pós 2o pico"
2021-02-22,"ARG",133.150928571428,134.990357142858,0.31313667266859,-3.25759771678299,2.3037467108973,0,FALSE,"Voluntário","Queda","Voluntário",6,2.5,20,-40,20,50462.7142857143,-0.42084616411675,"Sem mudanças",-0.959339947918439,8,237.643500000001,102.653142857143,FALSE,2,"pós 2o pico"
2021-02-23,"ARG",132.649928571428,133.730714285715,-0.376264743607313,-0.866599059647821,2.26933205293722,0,FALSE,"Queda","Queda","Queda",4,2.5,-33.3333333333333,-55.5555555555556,-20,50601.5714285714,-0.200165474382064,"Sem mudanças",-0.304137779011607,7,233.955857142858,100.225142857143,FALSE,2,"pós 2o pico"
2021-02-24,"ARG",133.351642857142,133.27842857143,0.528997107854789,1.64605226448433,2.06476465602796,0,FALSE,"Queda","Voluntário","Queda",4,2.5,0,33.3333333333333,0,50742.7142857143,-0.578029443141526,"Sem mudanças",0.0952059551630805,6,230.14342857143,96.865,FALSE,2,"pós 2o pico"
2021-02-25,"ARG",134.810357142856,133.310071428573,1.09388550036611,-2.78362305580969,1.76672338305912,0,FALSE,"Queda","Queda","Queda",4,2.5,0,-20,-20,50879.9285714286,-0.035606252758269,"Sem mudanças",0.176559656872466,6,226.020357142858,92.710285714285,FALSE,2,"pós 2o pico"
2021-02-26,"ARG",131.541999999999,132.98492857143,-2.42441101123536,-3.27976848693035,1.70600387797029,0,FALSE,"Queda","Queda","Queda",4,2.5,0,-20,-20,51012.6428571429,3.28300370619312,"Sem mudanças",0.217904089834002,5,221.919642857144,88.934714285714,FALSE,2,"pós 2o pico"
2021-02-27,"ARG",130.612714285714,132.693285714287,-0.706455515565907,-5.38324941010485,1.56882444565196,0,FALSE,"Queda","Queda","Queda",3,2.5,-25,-25,-25,51138.2142857143,0.929687573037619,"Sem mudanças",0.191166248750422,4,217.969071428573,85.275785714286,FALSE,2,"pós 2o pico"
2021-02-28,"ARG",128.910571428571,132.14692857143,-1.30319844163062,-1.6505553270259,1.54846719764772,0,FALSE,"Voluntário","Queda","Queda",4,2.5,33.3333333333333,-20,-20,51261.7142857143,0.602332759389035,"Sem mudanças",0.121530431504526,3,214.128642857144,81.981714285714,FALSE,2,"pós 2o pico"
2021-03-01,"ARG",131.121571428571,131.857071428573,1.71514250188947,1.21555915721232,1.53570255659714,0,FALSE,"Queda","Queda","Queda",4,2.5,0,-33.3333333333333,-60,51386.7142857143,1.70441379797166,"Sem mudanças",0.0691030860198588,2,210.187785714287,78.330714285714,FALSE,2,"pós 2o pico"
2021-03-02,"ARG",135.309714285714,132.237071428573,3.19409141570912,0.570779204008365,1.73792277079852,0,FALSE,"Queda","Queda","Queda",4,2.5,0,0,-55.5555555555556,51512.4285714286,1.76044508284452,"Sem mudanças",0.0816816052502338,1,206.45642857143,74.219357142857,FALSE,2,"pós 2o pico"
2021-03-03,"ARG",138.140214285714,132.921142857144,2.09186754620088,4.37596302003083,1.79556480507241,0,FALSE,"Queda","Queda","Voluntário",4,2.5,0,0,33.3333333333333,51643.6428571429,0.491027807445921,"Sem mudanças",0.00260828017906839,1,202.491571428573,69.570428571429,FALSE,2,"pós 2o pico"
2021-03-04,"ARG",137.762499999999,133.342857142858,-0.273428188646818,-2.72118885936424,1.75160770954135,0,FALSE,"Queda","Queda","Queda",4,2.5,0,0,-20,51771.2857142857,0.975043797049224,"Sem mudanças",-0.0780697021869587,1,198.822500000001,65.479642857143,FALSE,2,"pós 2o pico"
2021-03-05,"ARG",137.770428571428,134.232642857144,0.00575524647747905,-0.166928018615009,1.86954929179957,0,FALSE,"Queda","Queda","Queda",4,2.5,0,0,-20,51898.7142857143,NA,"Sem mudanças",0.329602777629361,1,195.179357142858,60.946714285714,FALSE,2,"pós 2o pico"
2021-03-06,"ARG",136.057214285714,135.01042857143,-1.24352831262774,-2.01661937576004,NA,0,FALSE,"Queda","Queda","Queda",3,2.5,-25,0,-25,52023.5714285714,NA,"Sem mudanças",0.446470141101042,1,191.614785714287,56.604357142857,FALSE,2,"pós 2o pico"
2021-03-07,"ARG",134.813428571428,135.853642857144,-0.91416373678932,-3.77753645671737,NA,0,FALSE,"Voluntário","Queda","Queda",4,2.5,33.3333333333333,0,-20,52143.7142857143,NA,"Sem mudanças",0.582579512602446,1,188.257071428573,52.403428571429,FALSE,2,"pós 2o pico"
2021-03-08,"ARG",134.246071428571,136.300000000001,-0.42084616411675,4.75614671503428,NA,-0.25,FALSE,"Queda","Queda","Queda",3,2.25,-25,-25,-50,52269.5714285714,NA,"Flexibilização",0.581813176608316,1,184.706785714287,48.406785714286,FALSE,2,"pós 2o pico"
2021-03-09,"ARG",133.977357142856,136.109714285715,-0.200165474382064,-1.13376939848659,NA,0,FALSE,"Queda","Queda","Queda",3,2.25,0,-25,-25,52394,NA,"Sem mudanças",0.479409867117988,1,181.118357142858,45.008642857143,FALSE,2,"pós 2o pico"
2021-03-10,"ARG",133.202928571428,135.40442857143,-0.578029443141526,-1.89658303712738,NA,0,FALSE,"Queda","Queda","Queda",3,2.25,0,-25,-25,52516.0714285714,NA,"Sem mudanças",0.365064171492634,1,177.487500000001,42.083071428571,FALSE,2,"pós 2o pico"
2021-03-11,"ARG",133.155499999999,134.746285714287,-0.035606252758269,-0.642653125991755,NA,0,FALSE,"Voluntário","Queda","Queda",4,2.25,33.3333333333333,0,0,52637.3571428571,NA,"Sem mudanças",0.454240741899494,0,173.93442857143,39.188142857143,FALSE,2,"pós 2o pico"
2021-03-12,"ARG",137.526999999999,134.711500000001,3.28300370619312,-0.412574196811211,NA,0,FALSE,"Queda","Queda","Queda",4,2.25,0,0,0,52758.1428571429,NA,"Sem mudanças",0.246801990102859,0,170.311857142858,35.600357142857,FALSE,2,"pós 2o pico"
2021-03-13,"ARG",138.805571428571,135.104071428573,0.929687573037619,0.534559255893541,NA,0,FALSE,"Queda","Voluntário","Voluntário",4,2.25,0,33.3333333333333,33.3333333333333,52879.5714285714,NA,"Sem mudanças",0.975247143344696,0,166.878214285716,31.774142857143,FALSE,2,"pós 2o pico"
2021-03-14,"ARG",139.641642857142,135.793785714287,0.602332759389035,0.295102887222831,NA,0,FALSE,"Voluntário","Voluntário","Voluntário",5,2.25,25,25,25,53001.3571428571,NA,"Sem mudanças",1.49701431722849,0,163.589785714287,27.796,FALSE,2,"pós 2o pico"
2021-03-15,"ARG",142.021714285714,136.904571428573,1.70441379797166,3.16766070245196,NA,0,FALSE,"Queda","Voluntário","Queda",4,2.25,-20,33.3333333333333,0,53127,NA,"Sem mudanças",1.95612569256037,0,160.091142857144,23.186571428571,FALSE,2,"pós 2o pico"
2021-03-16,"ARG",144.521928571428,138.41092857143,1.76044508284452,4.83299075025696,NA,NA,NA,NA,NA,NA,5,NA,25,66.6666666666667,25,53258.7142857143,NA,NA,2.30733808268586,0,155.897785714287,17.486857142857,FALSE,2,"pós 2o pico"
2021-03-17,"ARG",145.231571428571,140.129285714287,0.491027807445921,-3.57834366804737,NA,NA,NA,NA,NA,NA,NA,NA,NA,NA,NA,53385.7142857143,NA,NA,2.79906056073751,0,151.698142857144,11.568857142857,FALSE,2,"pós 2o pico"
2021-03-18,"ARG",146.647642857142,142.056714285715,0.975043797049224,-2.02333443481356,NA,NA,NA,NA,NA,NA,NA,NA,NA,NA,NA,53510.1428571429,NA,NA,2.98319593946045,0,147.710714285715,5.654,FALSE,2,"pós 2o pico"
