"date","iso_code","new_cases_per_million","new_cases_smoothed_per_million","cases_growth","deaths_growth","vaccine_growth","Policy_change","Restrict","Isolamento","Isolamento_7","Isolamento_14","Residential","Closure","stayhome_growth","stayhome_growth_7","stayhome_growth_14","total_deaths","cases_growth_after14","Policy","cases_rolling_14","cum_negative_day","y.max","delta","Pico","nPico","Onda","Strigency_type"
2020-03-12,"FRA",2.36357142857071,1.54978571428647,-0.877692238564798,0,NA,0,FALSE,"Queda","Queda","Queda",1,1.25,0,-66.6666666666667,-75,15.8571428571429,17.0045311501791,"Sem mudanças",2.98353004838408,0,118.018714285715,116.468928571429,FALSE,0,"1o ao 2o Pico","Low"
2020-03-15,"FRA",4.61392857142785,3.01264285714361,0.136419303331459,0,NA,0,FALSE,"Queda","Voluntário","Voluntário",3,1.375,-40,200,Inf,34.0714285714286,7.732812721327,"Sem mudanças",2.63414623075955,0,118.018714285715,115.006071428571,FALSE,0,"1o ao 2o Pico","Low"
2020-03-27,"FRA",30.779785714285,22.1330714285722,8.92827802030878,16.2540810844322,NA,0,FALSE,"Voluntário","Voluntário","Voluntário",37,2.5,8.8235294117647,2.77777777777777,1133.33333333333,682.357142857143,-8.64912155500778,"Sem mudanças",2.27894923712588,0,118.018714285715,95.8856428571428,FALSE,0,"Início ao 1o pico","High"
2020-03-29,"FRA",37.484785714285,28.0941428571436,7.732812721327,13.2250153280197,NA,0,FALSE,"Queda","Queda","Voluntário",18,2.5,-28,0,500,1020.92857142857,236.541004958841,"Sem mudanças",2.47715500276412,0,118.018714285715,89.9245714285714,FALSE,0,"Início ao 1o pico","High"
2020-03-30,"FRA",39.7938571428564,30.9771428571436,6.160023018863,14.3038934315266,NA,0,FALSE,"Voluntário","Voluntário","Voluntário",33,2.5,83.3333333333333,3.125,153.846153846154,1226.42857142857,-1.77095044323506,"Sem mudanças",2.48952603370455,0,118.018714285715,87.0415714285714,FALSE,0,"Início ao 1o pico","High"
2020-04-01,"FRA",50.308785714285,38.3038571428579,7.70815301001053,37.074706380918,NA,0,FALSE,"Queda","Queda","Voluntário",31,2.5,-6.06060606060606,-3.125,6.89655172413792,1798.28571428571,-2.12189564378105,"Sem mudanças",1.83681511757852,1,118.018714285715,79.7148571428571,FALSE,0,"Início ao 1o pico","High"
2020-04-02,"FRA",50.581285714285,41.4930714285722,0.541654894132404,11.1032594293791,NA,0,FALSE,"Voluntário","Queda","Voluntário",33,2.5,6.4516129032258,-2.94117647058824,3.125,2165.64285714286,13.8765399991152,"Sem mudanças",1.67479765584942,2,118.018714285715,76.5256428571428,FALSE,0,"Início ao 1o pico","High"
2020-04-03,"FRA",54.1827142857136,44.8363571428579,7.12008111413323,17.7903217257646,NA,0,FALSE,"Voluntário","Queda","Voluntário",37,2.5,12.1212121212121,0,2.77777777777777,2598.35714285714,-3.87834303685649,"Sem mudanças",1.58592598404826,3,118.018714285715,73.1823571428571,FALSE,0,"Início ao 1o pico","High"
2020-04-05,"FRA",32.990285714285,44.152214285715,-4.37499352995381,5.80119373338657,NA,0,FALSE,"Queda","Queda","Queda",17,2.5,-29.1666666666667,-5.55555555555556,-5.55555555555556,3627.21428571429,0.229035935198252,"Sem mudanças",1.29915724546341,4,118.018714285715,73.8665,FALSE,0,"Início ao 1o pico","High"
2020-04-06,"FRA",32.2450714285707,43.0738571428579,-2.25889006287572,8.73726544022237,NA,0,FALSE,"Voluntário","Queda","Queda",31,2.5,82.3529411764706,-6.06060606060606,-3.125,4202.35714285714,-0.199603552391336,"Sem mudanças",0.677782810812658,5,118.018714285715,74.9448571428571,FALSE,0,"Início ao 1o pico","High"
2020-04-08,"FRA",27.1647142857136,36.8419285714293,3.56860801411765,3.39189578394667,NA,0,FALSE,"Queda","Queda","Queda",30,2.5,-6.25,-3.2258064516129,-6.25,5543,-1.87376462334877,"Sem mudanças",0.111181648404205,6,118.018714285715,81.1767857142857,FALSE,0,"Início ao 1o pico","High"
2020-04-09,"FRA",27.0242142857136,33.4766428571436,-0.517215084694955,10.2297077226365,NA,0,FALSE,"Voluntário","Queda","Queda",32,2.5,6.66666666666667,-3.03030303030303,-5.88235294117647,6294.21428571429,-5.10514370822182,"Sem mudanças",0.0960330516367418,7,118.018714285715,84.5420714285714,FALSE,0,"Início ao 1o pico","High"
2020-04-10,"FRA",24.6868571428564,29.2629285714293,-8.64912155500778,6.52255614737636,NA,0,FALSE,"Voluntário","Queda","Queda",36,2.5,12.5,-2.7027027027027,-2.7027027027027,7094.42857142857,1.22011033310134,"Sem mudanças",-0.588389636460351,8,118.018714285715,88.7557857142857,FALSE,0,"Início ao 1o pico","High"
2020-04-13,"FRA",70.5221428571421,38.3934285714293,-1.77095044323506,1.31462564387175,NA,0,FALSE,"Voluntário","Voluntário","Voluntário",38,2.5,123.529411764706,22.5806451612903,15.1515151515152,9612.42857142857,1.01885850135941,"Sem mudanças",-0.991732393771367,9,118.018714285715,79.6252857142857,FALSE,0,"Início ao 1o pico","High"
2020-04-15,"FRA",79.0990714285707,53.6105000000007,-2.12189564378105,1.52614125055224,NA,0,FALSE,"Queda","Queda","Queda",29,2.5,-6.45161290322581,-3.33333333333333,-6.45161290322581,11366.5714285714,-11.7402912038326,"Sem mudanças",-1.41315887813079,10,118.018714285715,64.4082142857143,FALSE,0,"Início ao 1o pico","High"
2020-04-17,"FRA",86.5818571428564,71.4599285714293,-3.87834303685649,-2.88413372536209,NA,0,FALSE,"Voluntário","Queda","Queda",35,2.5,12.9032258064516,-2.77777777777778,-5.40540540540541,13128.7857142857,-5.76071325855639,"Sem mudanças",-1.08455910764059,11,118.018714285715,46.5587857142857,FALSE,0,"Início ao 1o pico","High"
2020-04-19,"FRA",108.715499999999,89.182214285715,0.229035935198252,-1.1072616166716,NA,0,FALSE,"Queda","Queda","Queda",17,2.5,-26.0869565217391,0,0,14797.0714285714,-3.78453516227261,"Sem mudanças",-0.850434210195223,12,118.018714285715,28.8365,FALSE,0,"Início ao 1o pico","High"
2020-04-20,"FRA",108.498499999999,94.6073571428579,-0.199603552391336,-2.46231126290281,NA,0,FALSE,"Voluntário","Queda","Queda",30,2.5,76.4705882352941,-21.0526315789474,-3.2258064516129,15606.1428571429,-10.1424192199948,"Sem mudanças",-1.51681430110051,13,118.018714285715,23.4113571428571,FALSE,0,"Início ao 1o pico","High"
2020-04-21,"FRA",114.951928571428,99.484214285715,5.94794266411851,-7.83933867988666,NA,0,FALSE,"Voluntário","Queda","Queda",31,2.5,3.33333333333334,0,-3.125,16351.7857142857,-9.2754309219121,"Sem mudanças",-1.75019430664177,14,118.018714285715,18.5345,FALSE,0,"Início ao 1o pico","High"
2020-04-22,"FRA",112.797999999999,104.298285714286,-1.87376462334877,0,NA,0,FALSE,"Queda","Queda","Queda",28,2.5,-9.67741935483871,-3.44827586206896,-6.66666666666667,17097.4285714286,15.4183496307231,"Sem mudanças",-1.79493068999208,14,118.018714285715,13.720428571429,FALSE,0,"Início ao 1o pico","High"
2020-04-23,"FRA",107.039499999999,106.721785714286,-5.10514370822182,-7.89317352447729,NA,0,FALSE,"Voluntário","Queda","Queda",30,2.5,7.14285714285714,-3.2258064516129,-6.25,17784.2142857143,14.0160947760181,"Sem mudanças",-2.13320483817497,14,118.018714285715,11.296928571429,FALSE,0,"Início ao 1o pico","High"
2020-04-24,"FRA",108.345499999999,109.830857142858,1.22011033310134,-6.18816091628158,NA,0,FALSE,"Voluntário","Queda","Queda",33,2.5,10,-5.71428571428572,-8.33333333333334,18428.5,-11.4355147981177,"Sem mudanças",-2.14778879100119,14,118.018714285715,8.18785714285701,FALSE,0,"Início ao 1o pico","High"
2020-04-25,"FRA",108.589714285714,109.848357142858,0.225403256908963,-2.96008643029292,NA,0,FALSE,"Queda","Queda","Queda",22,2.5,-33.3333333333333,-4.34782608695652,-4.34782608695652,19053.7142857143,-6.50678851779549,"Sem mudanças",-2.20389214293378,14,118.018714285715,8.170357142857,FALSE,0,"Início ao 1o pico","High"
2020-04-27,"FRA",56.6353571428565,94.9176428571435,1.01885850135941,-1.6119649003733,NA,0,FALSE,"Voluntário","Queda","Queda",28,2.5,75,-6.66666666666667,-26.3157894736842,20248.8571428571,-20.9112539567837,"Sem mudanças",-2.2281482126582,14,118.018714285715,23.1010714285715,FALSE,0,"Início ao 1o pico","High"
2020-05-01,"FRA",23.4049999999993,49.7002857142864,-5.76071325855639,-8.43958135109423,NA,0,FALSE,"Voluntário","Voluntário","Voluntário",42,2.5,50,27.2727272727273,20,22190.2857142857,-0.110549040943664,"Sem mudanças",-2.44284897366581,14,118.018714285715,68.3184285714286,FALSE,0,"Início ao 1o pico","High"
2020-05-03,"FRA",19.4797142857136,31.8534285714293,-3.78453516227261,-4.65339859161966,NA,0,FALSE,"Queda","Queda","Queda",16,2.5,-23.8095238095238,0,-5.88235294117647,22951.8571428571,-1.94132330845083,"Sem mudanças",-3.00636797170648,14,118.018714285715,86.1652857142857,FALSE,0,"Início ao 1o pico","High"
2020-05-05,"FRA",15.8804285714279,22.5847857142864,-9.2754309219121,-3.92980721700448,NA,0,FALSE,"Voluntário","Queda","Queda",27,2.5,3.84615384615385,-3.57142857142857,-12.9032258064516,23646.9285714286,-5.57701325304211,"Sem mudanças",-2.94805159982969,14,118.018714285715,95.4339285714286,FALSE,0,"Início ao 1o pico","High"
2020-05-09,"FRA",17.3038571428565,18.2718571428578,-6.50678851779549,-7.20021731379776,NA,0,FALSE,"Queda","Queda","Queda",19,2.5,-50,-9.52380952380952,-13.6363636363636,24818.3571428571,0.260011486451228,"Sem mudanças",-2.98175656731686,14,118.018714285715,99.7468571428572,FALSE,0,"Início ao 1o pico","High"
2020-05-10,"FRA",16.9013571428565,17.9035000000007,-2.32607098334815,-4.61763629710944,NA,0,FALSE,"Queda","Queda","Queda",15,2.5,-21.0526315789474,-6.25,-6.25,25072.1428571429,-10.5151332097413,"Sem mudanças",-3.5686012383712,14,109.848357142858,91.9448571428573,FALSE,0,"Início ao 1o pico","High"
2020-05-14,"FRA",12.3409999999993,14.6055714285721,-4.66378996391271,2.05417607223477,NA,0,FALSE,"Queda","Queda","Queda",17,2.125,0,-32,-39.2857142857143,25989.2142857143,53.8139850645011,"Sem mudanças",-3.32961874293561,14,109.848357142858,95.2427857142859,FALSE,0,"Início ao 1o pico","High"
2020-05-15,"FRA",12.3273571428565,13.7225714285721,-0.110549040943664,-3.73147533731477,NA,0,FALSE,"Voluntário","Queda","Queda",19,2.125,11.7647058823529,-50,-54.7619047619048,26201.0714285714,1.0486917834823,"Sem mudanças",-3.38382210114333,14,109.848357142858,96.1257857142859,FALSE,0,"Início ao 1o pico","High"
2020-05-16,"FRA",11.9322142857136,12.9551428571436,-3.20541420649793,-3.33846471980334,NA,0,FALSE,"Queda","Queda","Queda",9,2.125,-52.6315789473684,-52.6315789473684,-57.1428571428571,26405.8571428571,17.6899154378378,"Sem mudanças",-2.95895772734785,14,109.848357142858,96.8932142857144,FALSE,0,"Início ao 1o pico","High"
2020-05-17,"FRA",11.7005714285708,12.212214285715,-1.94132330845083,12.1392916567626,NA,0,FALSE,"Queda","Queda","Queda",5,2.125,-44.4444444444444,-66.6666666666667,-68.75,26635.5,0.99167173884005,"Sem mudanças",-3.29505347142913,14,109.848357142858,97.636142857143,FALSE,0,"Início ao 1o pico","High"
2020-05-18,"FRA",11.5768571428565,11.9564285714293,-1.05733541707371,-5.50480106831723,NA,0,FALSE,"Voluntário","Queda","Queda",16,2.125,220,-15.7894736842105,-38.4615384615385,26852.5,-0.399094503814557,"Sem mudanças",-3.09688865628697,14,109.848357142858,97.8919285714287,FALSE,0,"Início ao 1o pico","High"
2020-05-19,"FRA",10.9312142857136,11.9646428571436,-5.57701325304211,-18.1022880215344,NA,0,FALSE,"Queda","Queda","Queda",16,2.125,0,-11.1111111111111,-40.7407407407407,27030.2142857143,-12.4310961886147,"Sem mudanças",-2.55721149190999,14,109.848357142858,97.8837142857144,FALSE,0,"Início ao 1o pico","High"
2020-05-21,"FRA",6.60449999999933,10.3103571428578,-6.99571506165951,-4.17546328876381,NA,0,FALSE,"Voluntário","Voluntário","Queda",22,2.125,83.3333333333333,29.4117647058824,-12,27355.2857142857,93.468517538686,"Sem mudanças",-2.32022986889655,13,109.848357142858,99.5380000000002,FALSE,0,"Início ao 1o pico","High"
2020-05-22,"FRA",6.84035714285647,9.5265000000007,3.57115819300728,-4.21970624235011,NA,0,FALSE,"Queda","Voluntário","Queda",20,2.125,-9.09090909090909,5.26315789473684,-47.3684210526316,27507.6428571429,-2.06565368125563,"Sem mudanças",-2.01560876460382,12,109.848357142858,100.321857142857,FALSE,0,"Início ao 1o pico","High"
2020-05-23,"FRA",6.85814285714218,8.80164285714356,0.260011486451228,0.281141177598165,NA,0,FALSE,"Queda","Voluntário","Queda",10,2.125,-50,11.1111111111111,-47.3684210526316,27660.4285714286,0.31375512316123,"Sem mudanças",-2.15525909605468,11,109.848357142858,101.046714285714,FALSE,0,"Início ao 1o pico","High"
2020-05-25,"FRA",6.14849999999933,7.23142857142927,0.187387974580422,-8.74674523776904,NA,0,FALSE,"Voluntário","Queda","Queda",15,2.125,400,-6.25,-21.0526315789474,27932.1428571429,-0.55996825848379,"Sem mudanças",-1.90388985822188,10,109.848357142858,102.616928571429,FALSE,0,"Início ao 1o pico","High"
2020-05-26,"FRA",5.62649999999933,6.47364285714356,-8.48987557941053,-11.6275577247983,NA,0,FALSE,"Queda","Queda","Queda",15,2.125,0,-6.25,-16.6666666666667,28046.7142857143,3.29215318713276,"Sem mudanças",-1.09581315985025,9,109.848357142858,103.374714285714,FALSE,0,"Início ao 1o pico","High"
2020-05-27,"FRA",5.26071428571361,6.21071428571499,-6.50112350992194,-5.23408955731166,NA,0,FALSE,"Queda","Voluntário","Queda",13,2.125,-13.3333333333333,8.33333333333333,-23.5294117647059,28155.2857142857,4.84461094428768,"Sem mudanças",-1.06028693423668,8,109.848357142858,103.637642857143,FALSE,0,"Início ao 1o pico","High"
2020-05-29,"FRA",8.17657142857075,6.61407142857213,1.0486917834823,-4.1294519792701,NA,0,FALSE,"Voluntário","Queda","Queda",15,2.125,7.14285714285714,-25,-21.0526315789474,28328.2142857143,3.04882311233639,"Sem mudanças",-0.426775045652763,7,109.848357142858,103.234285714286,FALSE,0,"Início ao 1o pico","High"
2020-05-31,"FRA",9.7184285714279,7.52071428571499,0.99167173884005,-39.5127181747789,NA,0,FALSE,"Queda","Queda","Queda",2,2.125,-60,-33.3333333333333,-60,28459.3571428571,2.77266082740129,"Sem mudanças",0.418962526200608,6,109.848357142858,102.327642857143,FALSE,0,"Início ao 1o pico","High"
2020-06-01,"FRA",9.67964285714218,8.02514285714356,-0.399094503814557,-14.0141816033095,NA,0,FALSE,"Voluntário","Voluntário","Voluntário",20,2.125,900,33.3333333333333,25,28501.8571428571,-4.59780748415796,"Sem mudanças",0.381652877581259,5,109.848357142858,101.823214285714,FALSE,0,"Início ao 1o pico","High"
2020-06-05,"FRA",8.69649999999933,8.52328571428642,-2.06565368125563,-12.1085929366544,NA,0,FALSE,"Queda","Queda","Queda",13,2.125,0,-13.3333333333333,-35,28745.0714285714,2.99676722000781,"Sem mudanças",0.561127830506263,4,109.848357142858,101.325071428572,FALSE,0,"Início ao 1o pico","High"
2020-06-06,"FRA",8.72378571428504,8.39478571428642,0.31375512316123,-7.35307517084305,NA,0,FALSE,"Queda","Queda","Queda",4,2.125,-69.2307692307692,-20,-60,28794.5714285714,0.663367480551535,"Sem mudanças",0.219328154882093,3,109.848357142858,101.453571428572,FALSE,0,"Início ao 1o pico","High"
2020-06-07,"FRA",9.54135714285647,8.3695000000007,9.371750468752,13.424468922109,NA,0,FALSE,"Queda","Queda","Queda",0,2.125,-100,-100,-100,28850.7142857143,0.0277371285376971,"Sem mudanças",1.03980264055483,2,109.848357142858,101.478857142857,FALSE,0,"Início ao 1o pico","High"
2020-06-08,"FRA",9.4879285714279,8.34207142857213,-0.55996825848379,-4.32671464493206,NA,0,FALSE,"Voluntário","Queda","Queda",11,2.125,Inf,-45,-26.6666666666667,28904.4285714286,-1.85213516666365,"Sem mudanças",1.55155199701722,1,109.848357142858,101.506285714286,FALSE,0,"Início ao 1o pico","High"
2020-06-09,"FRA",9.80028571428504,8.53121428571499,3.29215318713276,-6.51622258473826,NA,0,FALSE,"Queda","Queda","Queda",11,2.125,0,0,-26.6666666666667,28954.6428571429,2.07219055969623,"Sem mudanças",1.47862666452118,0,109.848357142858,101.317142857143,FALSE,0,"Início ao 1o pico","High"
2020-06-10,"FRA",10.2750714285708,9.34335714285785,4.84461094428768,2.84052350945232,NA,0,FALSE,"Queda","Queda","Queda",10,2.125,-9.09090909090909,-9.09090909090909,-23.0769230769231,29006.2857142857,-4.99942732791246,"Sem mudanças",1.27549759984234,0,109.848357142858,100.505,FALSE,0,"Início ao 1o pico","High"
2020-06-12,"FRA",7.37071428571361,8.90721428571499,3.04882311233639,-3.36293783055595,NA,0,FALSE,"Voluntário","Queda","Queda",12,2.125,9.09090909090908,-7.69230769230769,-20,29102.2142857143,6.90662173890912,"Sem mudanças",1.45201796152169,0,109.848357142858,100.941142857143,FALSE,0,"Início ao 1o pico","High"
2020-06-14,"FRA",6.17685714285647,8.03885714285785,2.77266082740129,-3.34782608695663,NA,0,FALSE,"Queda","Voluntário","Queda",1,2.125,-75,Inf,-50,29190.2857142857,-11.2338911329112,"Sem mudanças",1.2424627010462,0,94.9176428571435,86.8787857142857,FALSE,0,"Início ao 1o pico","High"
2020-06-15,"FRA",5.89285714285647,7.52528571428642,-4.59780748415796,-0.663517768780975,NA,0,FALSE,"Voluntário","Queda","Queda",10,2.125,900,-9.09090909090909,-50,29233.2857142857,8.09217868015988,"Sem mudanças",1.10530260469094,0,49.7002857142864,42.175,FALSE,0,"Início ao 1o pico","High"
2020-06-19,"FRA",7.41885714285647,7.30364285714356,2.99676722000781,-5.77411167512714,NA,0,FALSE,"Queda","Queda","Queda",9,2.125,0,-25,-30.7692307692308,29390.9285714286,-3.52664121101732,"Sem mudanças",0.929221981130731,0,31.8534285714293,24.5497857142857,FALSE,0,"Início ao 1o pico","High"
2020-06-20,"FRA",7.46807142857076,7.51192857142927,0.663367480551535,-2.57239057239067,NA,0,FALSE,"Queda","Queda","Queda",1,2.125,-88.8888888888889,-75,-75,29426.1428571429,-3.84742885270309,"Sem mudanças",0.920167533001868,1,22.5847857142864,15.0728571428571,FALSE,0,"Início ao 1o pico","High"
2020-06-21,"FRA",7.47014285714218,7.69671428571499,0.0277371285376971,-1.42383190489362,NA,0,FALSE,"Queda","Queda","Queda",-2,2.125,-300,-300,-Inf,29460.8571428571,-5.09000491030902,"Sem mudanças",1.26302649678952,2,18.2718571428578,10.5751428571428,FALSE,0,"Início ao 1o pico","High"
2020-06-22,"FRA",7.33178571428504,7.90228571428642,-1.85213516666365,-6.38059178235901,NA,-0.625,FALSE,"Queda","Queda","Queda",7,1.5,-450,-30,-36.3636363636364,29493.3571428571,14.1493753095947,"Flexibilização",0.683727419580593,2,17.9035000000007,10.0012142857143,FALSE,0,"Início ao 1o pico","Low"
2020-06-23,"FRA",7.48371428571361,7.93342857142927,2.07219055969623,-7.47453565009024,NA,0,FALSE,"Queda","Queda","Queda",7,1.5,0,-30,-36.3636363636364,29523.4285714286,-3.45229944358221,"Sem mudanças",1.01112360460101,2,14.6055714285721,6.67214285714283,FALSE,0,"Início ao 1o pico","Low"
2020-06-24,"FRA",7.10957142857076,7.35507142857213,-4.99942732791246,-1.89412336085488,NA,0,FALSE,"Queda","Queda","Queda",6,1.5,-14.2857142857143,-33.3333333333333,-40,29552.9285714286,8.11933798779527,"Sem mudanças",0.76562972171101,2,13.7225714285721,6.36749999999997,FALSE,0,"Início ao 1o pico","Low"
2020-06-25,"FRA",6.99535714285647,7.32542857142928,-1.60648622581243,-1.93069306930704,NA,0,FALSE,"Queda","Queda","Queda",6,1.5,0,-33.3333333333333,-45.4545454545455,29581.8571428571,2.5617101470699,"Sem mudanças",0.842141598363913,2,12.9551428571436,5.62971428571432,FALSE,0,"Início ao 1o pico","Low"
2020-06-26,"FRA",7.47849999999933,7.33392857142927,6.90662173890912,-0.487969039205816,NA,0,FALSE,"Voluntário","Queda","Queda",7,1.5,16.6666666666667,-22.2222222222222,-41.6666666666667,29610.6428571429,-7.24277388962509,"Sem mudanças",0.353270450313135,2,12.212214285715,4.87828571428573,FALSE,0,"Início ao 1o pico","Low"
2020-06-27,"FRA",7.42714285714219,7.32807142857213,-0.68673053228786,-5.69834291511698,NA,0,FALSE,"Queda","Queda","Queda",1,1.5,-85.7142857142857,0,-75,29637.7857142857,-2.80734123130729,"Sem mudanças",-0.0576847204626193,3,11.9646428571436,4.63657142857147,FALSE,0,"Início ao 1o pico","Low"
2020-06-29,"FRA",7.12628571428504,7.17342857142927,8.09217868015988,1.89686924493566,NA,0,FALSE,"Queda","Queda","Queda",7,1.5,-800,0,-30,29691.1428571429,10.7412355808143,"Sem mudanças",-0.306258761328327,4,11.9646428571436,4.79121428571433,FALSE,0,"Início ao 1o pico","Low"
2020-06-30,"FRA",6.89357142857076,7.08914285714356,-3.2655761366373,-22.2844749683729,NA,0,FALSE,"Queda","Queda","Queda",6,1.5,-14.2857142857143,-14.2857142857143,-40,29712.0714285714,-4.72480415979921,"Sem mudanças",0.405989321133024,5,12.356714285715,5.26757142857144,FALSE,0,"Início ao 1o pico","Low"
2020-07-01,"FRA",7.41971428571362,7.13342857142927,7.63236970262224,-2.04651162790713,NA,0,FALSE,"Queda","Queda","Queda",5,1.5,-16.6666666666667,-16.6666666666667,-44.4444444444444,29732.5714285714,-3.44132623487369,"Sem mudanças",0.440955005945429,6,12.8819285714293,5.74850000000003,FALSE,0,"Início ao 1o pico","Low"
2020-07-02,"FRA",7.3704285714279,7.1870000000007,-0.664253533058712,-5.22317188983897,NA,0,FALSE,"Voluntário","Queda","Queda",6,1.5,20,0,-33.3333333333333,29752,0.407284951698417,"Sem mudanças",0.280715965823099,7,14.0285714285721,6.8415714285714,FALSE,0,"Início ao 1o pico","Low"
2020-07-03,"FRA",7.11049999999933,7.13442857142928,-3.52664121101732,1.47795591182376,NA,0,FALSE,"Queda","Queda","Queda",6,1.5,0,-14.2857142857143,-33.3333333333333,29771.7142857143,3.91467912692387,"Sem mudanças",0.194940608287752,8,14.5990714285721,7.46464285714282,FALSE,0,"Início ao 1o pico","Low"
2020-07-04,"FRA",6.8369285714279,7.05014285714356,-3.84742885270309,-6.51690940508569,NA,0,FALSE,"Queda","Queda","Queda",0,1.5,-100,-100,-100,29790.1428571429,-2.5324186766986,"Sem mudanças",0.143574279159521,9,15.1014285714293,8.05128571428574,FALSE,0,"Início ao 1o pico","Low"
2020-07-05,"FRA",6.4889285714279,7.03528571428642,-5.09000491030902,-2.71983100079243,NA,0,FALSE,"Queda","Voluntário","Queda",-2,1.5,-Inf,100,0,29808.0714285714,-0.092631273044308,"Sem mudanças",-0.144859551377004,9,15.7261428571436,8.69085714285718,FALSE,0,"Início ao 1o pico","Low"
2020-07-07,"FRA",7.15135714285647,7.11221428571499,-3.45229944358221,-16.7285259809135,NA,0,FALSE,"Queda","Queda","Queda",5,1.5,-16.6666666666667,-16.6666666666667,-28.5714285714286,29841.7142857143,1.68052893206418,"Sem mudanças",-0.968681331022259,8,16.3631428571436,9.25092857142861,FALSE,0,"Início ao 1o pico","Low"
2020-07-08,"FRA",7.73199999999933,7.15678571428642,8.11933798779527,8.40496657115657,NA,0,FALSE,"Queda","Queda","Queda",4,1.5,-20,-20,-33.3333333333333,29858.2857142857,1.16068219035834,"Sem mudanças",-0.706334110426851,8,17.0055000000007,9.84871428571428,FALSE,0,"Início ao 1o pico","Low"
2020-07-09,"FRA",7.93007142857076,7.23671428571499,2.5617101470699,-1.29221732745974,NA,0,FALSE,"Voluntário","Queda","Queda",5,1.5,25,-16.6666666666667,-16.6666666666667,29874.6428571429,9.1773401348733,"Sem mudanças",-0.971883437262449,8,18.5990000000007,11.3622857142857,FALSE,0,"Início ao 1o pico","Low"
2020-07-10,"FRA",7.35571428571362,7.27178571428642,-7.24277388962509,0,NA,0,FALSE,"Queda","Queda","Queda",5,1.5,0,-16.6666666666667,-28.5714285714286,29891,3.99030811514565,"Sem mudanças",-1.1053238046653,8,19.4822857142864,12.2105,FALSE,0,"Início ao 1o pico","Low"
2020-07-11,"FRA",7.14921428571362,7.31642857142927,-2.80734123130729,0.862838440940283,NA,-0.125,FALSE,"Queda","Queda","Queda",-3,1.375,-160,-Inf,-400,29907.5,-1.66368751608404,"Flexibilização",-0.860037380524368,8,20.5039285714293,13.1875,FALSE,0,"Início ao 1o pico","Low"
2020-07-12,"FRA",7.59157142857076,7.47392857142927,6.18749313111389,0,NA,0,FALSE,"Voluntário","Voluntário","Voluntário",-4,1.375,33.3333333333333,100,300,29924,-0.166212823142486,"Sem mudanças",-0.465183253040992,8,21.5732857142864,14.0993571428571,FALSE,0,"Início ao 1o pico","Low"
2020-07-14,"FRA",8.00978571428504,7.73935714285785,-4.72480415979921,-12.7878033603,NA,0,FALSE,"Voluntário","Voluntário","Voluntário",16,1.375,128.571428571429,220,166.666666666667,29953.2857142857,4.69836329076814,"Sem mudanças",-0.0187056029933233,7,26.3495714285721,18.6102142857142,FALSE,0,"Início ao 1o pico","Low"
2020-07-15,"FRA",7.73414285714219,7.73964285714356,-3.44132623487369,36.1041740991837,NA,0,FALSE,"Queda","Queda","Queda",3,1.375,-81.25,-25,-40,29971.8571428571,6.64233843454567,"Sem mudanças",0.883411509753499,6,27.6397857142864,19.9001428571428,FALSE,0,"Início ao 1o pico","Low"
2020-07-16,"FRA",7.76564285714219,7.71614285714356,0.407284951698417,1.52031454783763,NA,0,FALSE,"Voluntário","Voluntário","Queda",6,1.375,100,20,0,29990.7142857143,6.87358252355119,"Sem mudanças",0.58848080456424,5,29.0701428571436,21.354,FALSE,0,"Início ao 1o pico","Low"
2020-07-17,"FRA",8.06964285714218,7.81807142857213,3.91467912692387,-1.88484379034355,NA,0,FALSE,"Queda","Voluntário","Queda",6,1.375,0,20,0,30009.2142857143,3.75723624778856,"Sem mudanças",0.28666668576753,4,32.6537857142864,24.8357142857143,FALSE,0,"Início ao 1o pico","Low"
2020-07-18,"FRA",7.86528571428504,7.92035714285785,-2.5324186766986,1.1578947368422,NA,0,FALSE,"Queda","Queda","Queda",-2,1.375,-133.333333333333,-33.3333333333333,-Inf,30027.9285714286,-0.756280009067145,"Sem mudanças",0.792135333373431,3,34.5594285714293,26.6390714285715,FALSE,0,"Início ao 1o pico","Low"
2020-07-19,"FRA",7.85799999999933,7.95842857142927,-0.092631273044308,0.390218522372576,NA,0,FALSE,"Voluntário","Queda","Voluntário",-4,1.375,100,0,100,30046.7142857143,-0.00778654485048547,"Sem mudanças",1.32825708495025,2,38.8565714285721,30.8981428571428,FALSE,0,"Início ao 1o pico","Low"
2020-07-21,"FRA",8.94178571428504,8.14685714285785,1.68052893206418,-9.33439405993185,NA,0,FALSE,"Queda","Queda","Voluntário",6,1.375,0,-62.5,20,30081.7142857143,2.57938734290855,"Sem mudanças",1.36074603519537,1,41.1596428571436,33.0127857142858,FALSE,0,"Início ao 1o pico","Low"
2020-07-22,"FRA",9.04557142857075,8.33421428571499,1.16068219035834,-10.7341327873658,NA,0,FALSE,"Queda","Voluntário","Queda",4,1.375,-33.3333333333333,33.3333333333333,0,30096.5714285714,5.26332581299447,"Sem mudanças",2.18920222686326,0,42.8076428571436,34.4734285714286,FALSE,0,"Início ao 1o pico","Low"
2020-07-23,"FRA",9.87571428571361,8.63564285714356,9.1773401348733,-2.42463958060314,NA,0,FALSE,"Voluntário","Queda","Queda",5,1.375,25,-16.6666666666667,0,30111.0714285714,2.31908656739692,"Sem mudanças",2.70338526133914,0,48.0124285714293,39.3767857142857,FALSE,0,"Início ao 1o pico","Low"
2020-07-24,"FRA",10.269785714285,8.94992857142928,3.99030811514565,-7.89120214909422,NA,0,FALSE,"Voluntário","Voluntário","Voluntário",7,1.375,40,16.6666666666667,40,30124.4285714286,8.04793723472266,"Sem mudanças",2.62027347842731,0,50.5989285714293,41.649,FALSE,0,"Início ao 1o pico","Low"
2020-07-25,"FRA",10.0989285714279,9.2690000000007,-1.66368751608404,-1.60408312067098,NA,0,FALSE,"Queda","Queda","Queda",-1,1.375,-114.285714285714,-50,-66.6666666666667,30137.5714285714,-0.103396820547774,"Sem mudanças",2.34009735901486,0,52.8437857142864,43.5747857142857,FALSE,0,"Início ao 1o pico","Low"
2020-07-26,"FRA",10.0821428571422,9.58678571428642,-0.166212823142486,0,NA,0,FALSE,"Voluntário","Queda","Queda",-3,1.375,200,-25,-25,30150.7142857143,0.201518840443349,"Sem mudanças",2.70522636041537,0,55.8699285714293,46.2831428571429,FALSE,0,"Início ao 1o pico","Low"
2020-07-28,"FRA",11.7245714285708,10.3278571428578,4.69836329076814,6.17142857142934,NA,0,FALSE,"Queda","Voluntário","Queda",7,1.375,0,16.6666666666667,-56.25,30177.0714285714,4.32353175662339,"Sem mudanças",3.08779472370385,0,59.0133571428578,48.6855,FALSE,0,"Início ao 1o pico","Low"
2020-07-29,"FRA",12.5033571428565,10.8218571428578,6.64233843454567,-38.9666307857957,NA,0,FALSE,"Queda","Queda","Voluntário",4,1.375,-42.8571428571429,0,33.3333333333333,30185.3571428571,5.49966108903408,"Sem mudanças",3.13340598337047,0,63.0030714285721,52.1812142857143,FALSE,0,"Início ao 1o pico","Low"
2020-07-30,"FRA",13.362785714285,11.3200714285721,6.87358252355119,-0.823045267489886,NA,0,FALSE,"Voluntário","Voluntário","Queda",6,1.375,50,20,0,30193.5714285714,5.95718011060877,"Sem mudanças",3.62535277225364,0,66.0639285714293,54.7438571428572,FALSE,0,"Início ao 1o pico","Low"
2020-07-31,"FRA",13.8648571428565,11.833714285715,3.75723624778856,-1.77830468286934,NA,0,FALSE,"Voluntário","Queda","Voluntário",7,1.375,16.6666666666667,0,16.6666666666667,30201.6428571429,7.04394065945191,"Sem mudanças",2.96244298972356,0,68.9910714285721,57.1573571428571,FALSE,0,"Início ao 1o pico","Low"
2020-08-01,"FRA",13.7599999999993,12.356714285715,-0.756280009067145,-2.65540132770119,NA,0,FALSE,"Queda","Queda","Queda",-1,1.375,-114.285714285714,0,-50,30209.5,12.82318280394,"Sem mudanças",2.69181518438768,0,72.3480000000007,59.9912857142857,FALSE,0,"Início ao 1o pico","Low"
2020-08-02,"FRA",13.7589285714279,12.8819285714293,-0.00778654485048547,0,NA,0,FALSE,"Voluntário","Queda","Queda",-3,1.375,200,0,-25,30217.3571428571,10.834611096481,"Sem mudanças",3.11947370386679,0,75.7008571428579,62.8189285714286,FALSE,0,"Início ao 1o pico","Low"
2020-08-04,"FRA",15.671785714285,14.0285714285721,2.57938734290855,12.9335684891265,NA,0,FALSE,"Queda","Queda","Voluntário",7,1.375,-12.5,0,16.6666666666667,30235,4.1031361736539,"Sem mudanças",3.52417898330797,0,79.0278571428579,64.9992857142858,FALSE,0,"Início ao 1o pico","Low"
2020-08-05,"FRA",16.4966428571422,14.5990714285721,5.26332581299447,3.80010411244209,NA,0,FALSE,"Queda","Voluntário","Voluntário",5,1.375,-28.5714285714286,25,25,30244.7142857143,7.08617018787598,"Sem mudanças",3.61409447043944,0,82.3753571428579,67.7762857142858,FALSE,0,"Início ao 1o pico","Low"
2020-08-06,"FRA",16.8792142857136,15.1014285714293,2.31908656739692,-5.1153460381152,NA,0,FALSE,"Voluntário","Queda","Voluntário",6,1.375,20,0,20,30253.9285714286,10.2561301472374,"Sem mudanças",3.64278034364703,0,86.4701428571436,71.3687142857143,FALSE,0,"Início ao 1o pico","Low"
2020-08-07,"FRA",18.2376428571422,15.7261428571436,8.04793723472266,2.32558139534924,NA,0,FALSE,"Voluntário","Voluntário","Voluntário",8,1.375,33.3333333333333,14.2857142857143,14.2857142857143,30263.3571428571,7.62426209627094,"Sem mudanças",2.52105189891679,0,90.0015000000007,74.2753571428571,FALSE,0,"Início ao 1o pico","Low"
2020-08-08,"FRA",18.218785714285,16.3631428571436,-0.103396820547774,0.774793388429895,NA,0,FALSE,"Queda","Voluntário","Voluntário",-2,1.375,-125,100,100,30272.8571428571,9.19714829667448,"Sem mudanças",2.5457590364786,0,93.2397857142864,76.8766428571428,FALSE,0,"Início ao 1o pico","Low"
2020-08-09,"FRA",18.2554999999993,17.0055000000007,0.201518840443349,0,NA,0,FALSE,"Voluntário","Queda","Queda",-3,1.375,50,0,0,30282.3571428571,11.4928380531647,"Sem mudanças",3.10593405054597,0,96.5914285714293,79.5859285714286,FALSE,0,"Início ao 1o pico","Low"
2020-08-11,"FRA",21.4974285714279,18.5990000000007,4.32353175662339,0.734137388568556,NA,0,FALSE,"Voluntário","Voluntário","Voluntário",9,1.375,12.5,28.5714285714286,28.5714285714286,30301,5.20491367562403,"Sem mudanças",3.65108038205464,0,99.7399285714293,81.1409285714286,FALSE,0,"Início ao 1o pico","Low"
2020-08-12,"FRA",22.6797142857136,19.4822857142864,5.49966108903408,3.07131702238468,NA,0,FALSE,"Queda","Voluntário","Voluntário",7,1.375,-22.2222222222222,40,75,30310.6428571429,-5.19238719358155,"Sem mudanças",4.12377759303792,0,103.037142857144,83.5548571428576,FALSE,0,"Início ao 1o pico","Low"
2020-08-13,"FRA",24.030785714285,20.5039285714293,5.95718011060877,0.707070707070834,NA,0,FALSE,"Voluntário","Voluntário","Voluntário",9,1.375,28.5714285714286,50,50,30320.3571428571,20.2029076321309,"Sem mudanças",3.31111466646794,0,106.274357142858,85.7704285714287,FALSE,0,"Início ao 1o pico","Low"
2020-08-14,"FRA",25.7234999999993,21.5732857142864,7.04394065945191,5.9177532597803,NA,0.125,TRUE,"Queda","Imposto","Imposto",9,1.5,0,12.5,28.5714285714286,30330.6428571429,9.30170067204639,"Restrição",3.51724517419844,0,108.724928571429,87.1516428571426,FALSE,0,"Início ao 1o pico","Low"
2020-08-17,"FRA",29.3259999999993,26.3495714285721,-8.83061570267221,-6.86274509804027,NA,0,FALSE,"Queda","Queda","Queda",8,1.5,-366.666666666667,0,0,30361.1428571429,4.10137344150197,"Sem mudanças",2.57150771503386,0,111.858000000001,85.5084285714289,FALSE,0,"Início ao 1o pico","Low"
2020-08-18,"FRA",30.529285714285,27.6397857142864,4.1031361736539,14.7368421052656,NA,0,FALSE,"Queda","Queda","Voluntário",8,1.5,0,-11.1111111111111,14.2857142857143,30372.2857142857,4.77479372851854,"Sem mudanças",3.2433003930763,0,115.370000000001,87.7302142857146,FALSE,0,"Início ao 1o pico","Low"
2020-08-19,"FRA",32.6926428571422,29.0701428571436,7.08617018787598,4.49978156400237,NA,0,FALSE,"Queda","Queda","Voluntário",7,1.5,-12.5,0,40,30383.9285714286,5.10070633327824,"Sem mudanças",3.51879068242077,0,118.745571428572,89.6754285714284,FALSE,0,"Início ao 1o pico","Low"
2020-08-21,"FRA",38.7938571428565,32.6537857142864,7.62426209627094,6.45549318364158,NA,0,FALSE,"Voluntário","Queda","Voluntário",9,1.5,28.5714285714286,0,12.5,30409,5.37490663244791,"Sem mudanças",3.50254381151069,0,122.501714285715,89.8479285714286,FALSE,0,"Início ao 1o pico","Low"
2020-08-22,"FRA",42.361785714285,34.5594285714293,9.19714829667448,4.4067796610175,NA,0,FALSE,"Queda","Queda","Queda",-1,1.5,-111.111111111111,-Inf,-50,30422.5,6.82759172219258,"Sem mudanças",3.40266612240125,0,125.956785714286,91.3973571428567,FALSE,0,"Início ao 1o pico","Low"
2020-08-24,"FRA",44.3427142857136,38.8565714285721,-6.11395515898531,0.541125541125598,NA,0,FALSE,"Queda","Queda","Queda",7,1.5,-333.333333333333,-12.5,-12.5,30449.5714285714,2.77757342760812,"Sem mudanças",3.31820995225195,0,129.505357142858,90.6487857142859,FALSE,0,"Início ao 1o pico","Low"
2020-08-25,"FRA",46.6507142857136,41.1596428571436,5.20491367562403,2.65518478650908,NA,0,FALSE,"Queda","Queda","Queda",7,1.5,0,-12.5,-22.2222222222222,30463.5,3.68441370435906,"Sem mudanças",3.1794075003824,0,133.292571428572,92.1329285714284,FALSE,0,"Início ao 1o pico","Low"
2020-08-26,"FRA",44.2284285714279,42.8076428571436,-5.19238719358155,-9.22754281719785,NA,0,FALSE,"Queda","Queda","Queda",5,1.5,-28.5714285714286,-28.5714285714286,-28.5714285714286,30476.1428571429,9.48362255393222,"Sem mudanças",4.05109004068968,0,137.524714285715,94.7170714285714,FALSE,0,"Início ao 1o pico","Low"
2020-08-28,"FRA",58.1089999999993,48.0124285714293,9.30170067204639,-0.524109014675089,NA,0,FALSE,"Voluntário","Queda","Queda",8,1.5,33.3333333333333,-11.1111111111111,-11.1111111111111,30503.9285714286,1.97154490549374,"Sem mudanças",4.14193078774639,0,142.085642857144,94.0732142857147,FALSE,0,"Início ao 1o pico","Low"
2020-08-29,"FRA",60.467285714285,50.5989285714293,4.05838289126597,2.56410256410284,NA,0,FALSE,"Queda","Queda","Voluntário",1,1.5,-87.5,-200,Inf,30518.1428571429,6.08284158894923,"Sem mudanças",4.12346089734043,0,146.334714285715,95.7357857142857,FALSE,0,"Início ao 1o pico","Low"
2020-08-30,"FRA",62.9440714285707,52.8437857142864,4.09607556388227,0.993150684931621,NA,0,FALSE,"Queda","Queda","Queda",0,1.5,-100,-100,-100,30532.5,0.955198237211774,"Sem mudanças",3.78716190095366,0,150.699000000001,97.8552142857146,FALSE,0,"Início ao 1o pico","Low"
2020-08-31,"FRA",65.5256428571422,55.8699285714293,4.10137344150197,5.49338758901383,NA,0,FALSE,"Voluntário","Queda","Queda",6,1.5,Inf,-14.2857142857143,-25,30547.6428571429,3.17285837822316,"Sem mudanças",3.32862083887749,0,154.558714285715,98.6887857142857,FALSE,0,"Início ao 1o pico","Low"
2020-09-01,"FRA",68.6543571428565,59.0133571428578,4.77479372851854,2.34651237544223,NA,0,FALSE,"Queda","Queda","Queda",5,1.5,-16.6666666666667,-28.5714285714286,-37.5,30563.1428571429,2.54978864005742,"Sem mudanças",4.02850432911638,0,157.944214285715,98.9308571428572,FALSE,0,"Início ao 1o pico","Low"
2020-09-02,"FRA",72.1562142857136,63.0030714285721,5.10070633327824,4.1457286432165,NA,0,FALSE,"Queda","Queda","Queda",4,1.5,-20,-20,-42.8571428571429,30579.2857142857,2.81157697179835,"Sem mudanças",4.33412639185268,0,161.255285714286,98.2522142857139,FALSE,0,"Início ao 1o pico","Low"
2020-09-03,"FRA",74.5899999999993,66.0639285714293,3.37293986162961,2.65379975874573,NA,0.125,TRUE,"Queda","Queda","Queda",3,1.625,-25,-50,-57.1428571428571,30595.8571428571,2.76932149534523,"Restrição",4.59800567781431,0,164.075785714286,98.0118571428567,FALSE,0,"Início ao 1o pico","Low"
2020-09-04,"FRA",78.5991428571422,68.9910714285721,5.37490663244791,-19.3889541715647,NA,0,FALSE,"Queda","Queda","Queda",3,1.625,0,-62.5,-66.6666666666667,30609.2142857143,3.80299887296298,"Sem mudanças",4.07442312306055,0,165.789500000001,96.7984285714289,FALSE,0,"Início ao 1o pico","Low"
2020-09-05,"FRA",83.9655714285707,72.3480000000007,6.82759172219258,1.60349854227424,NA,0,FALSE,"Queda","Queda","Queda",-1,1.625,-133.333333333333,-200,0,30622.7857142857,4.13593791325613,"Sem mudanças",4.21902731575221,0,167.510000000001,95.1620000000003,FALSE,0,"Início ao 1o pico","Low"
2020-09-06,"FRA",86.4140714285707,75.7008571428579,2.91607614685614,2.11621233859423,NA,0,FALSE,"Queda","Queda","Queda",-1,1.625,0,-Inf,-66.6666666666667,30636.6428571429,2.81513892022758,"Sem mudanças",3.99467893527574,0,168.882785714286,93.1819285714281,FALSE,0,"Início ao 1o pico","Low"
2020-09-07,"FRA",88.814285714285,79.0278571428579,2.77757342760812,3.61784334387116,NA,0,FALSE,"Queda","Queda","Queda",2,1.625,-300,-66.6666666666667,-71.4285714285714,30651,0.990221824531412,"Sem mudanças",3.92835643075583,0,170.584571428572,91.5567142857141,FALSE,0,"Início ao 1o pico","Low"
2020-09-08,"FRA",92.0865714285707,82.3753571428579,3.68441370435906,9.45762711864511,NA,0,FALSE,"Queda","Queda","Queda",2,1.625,0,-60,-71.4285714285714,30666.7142857143,2.57725735725618,"Sem mudanças",3.76942749586575,0,172.443071428572,90.0677142857141,FALSE,0,"Início ao 1o pico","Low"
2020-09-09,"FRA",100.819714285714,86.4701428571436,9.48362255393222,14.5555899659352,NA,0,FALSE,"Voluntário","Queda","Queda",3,1.625,50,-25,-40,30684.7142857143,3.5081408189227,"Sem mudanças",3.60591825576004,0,174.524285714286,88.0541428571424,FALSE,0,"Início ao 1o pico","Low"
2020-09-10,"FRA",99.3093571428564,90.0015000000007,-1.49807719011871,-6.35306839686459,NA,0,FALSE,"Queda","Queda","Queda",1,1.625,-66.6666666666667,-66.6666666666667,-83.3333333333333,30701.5714285714,4.41644012234632,"Sem mudanças",3.5628026581683,0,176.416785714286,86.4152857142853,FALSE,0,"Início ao 1o pico","Low"
2020-09-11,"FRA",101.267285714285,93.2397857142864,1.97154490549374,27.1073903002335,NA,0,FALSE,"Queda","Queda","Queda",1,1.625,0,-66.6666666666667,-87.5,30723,4.58189362526149,"Sem mudanças",3.45052353249081,0,179.174928571429,85.9351428571426,FALSE,0,"Início ao 1o pico","Low"
2020-09-12,"FRA",107.427214285714,96.5914285714293,6.08284158894923,3.99727458551018,NA,0,FALSE,"Queda","Voluntário","Queda",-2,1.625,-300,100,-300,30745.2857142857,1.91521273325599,"Sem mudanças",3.2582625461382,0,183.359857142858,86.7684285714287,FALSE,0,"Início ao 1o pico","Low"
2020-09-13,"FRA",108.453357142856,99.7399285714293,0.955198237211774,0.633326053723571,NA,0,FALSE,"Voluntário","Voluntário","Queda",-4,1.625,100,300,-Inf,30767.7142857143,2.79633333007583,"Sem mudanças",3.25105274423616,0,188.044000000001,88.3040714285717,FALSE,0,"Início ao 1o pico","Low"
2020-09-14,"FRA",111.894428571428,103.037142857144,3.17285837822316,0.95486111111116,NA,0,FALSE,"Queda","Queda","Queda",1,1.625,-125,-50,-83.3333333333333,30790.3571428571,-1.32968966129668,"Sem mudanças",3.12338477258783,0,193.448785714286,90.411642857142,FALSE,0,"Início ao 1o pico","Low"
2020-09-15,"FRA",114.747499999999,106.274357142858,2.54978864005742,7.26569217540896,NA,0,FALSE,"Voluntário","Queda","Queda",2,1.625,100,0,-60,30814.6428571429,0.115005049536276,"Sem mudanças",3.04430217636619,0,199.511714285715,93.237357142857,FALSE,0,"Início ao 1o pico","Low"
2020-09-16,"FRA",117.973714285714,108.724928571429,2.81157697179835,6.17234468937915,NA,0,FALSE,"Queda","Queda","Queda",2,1.625,0,-33.3333333333333,-50,30840.4285714286,2.67996031503006,"Sem mudanças",2.61748205243694,0,206.019928571429,97.295,FALSE,0,"Início ao 1o pico","Low"
2020-09-17,"FRA",121.240785714285,111.858000000001,2.76932149534523,8.32389580974002,NA,0,FALSE,"Queda","Voluntário","Queda",2,1.625,0,100,-33.3333333333333,30868.3571428571,1.75795861401424,"Sem mudanças",3.03994757475587,0,214.797285714286,102.939285714285,FALSE,0,"Início ao 1o pico","Low"
2020-09-18,"FRA",125.851571428571,115.370000000001,3.80299887296298,44.7464715107187,NA,0,FALSE,"Queda","Voluntário","Queda",2,1.625,0,100,-33.3333333333333,30908.7857142857,-0.489631288171977,"Sem mudanças",3.22640105473928,0,224.804214285715,109.434214285714,FALSE,0,"Início ao 1o pico","Low"
2020-09-19,"FRA",131.056714285714,118.745571428572,4.13593791325613,2.29926567954746,NA,0,FALSE,"Queda","Queda","Queda",0,1.625,-100,-100,-100,30950.1428571429,1.80765445842523,"Sem mudanças",2.92871327933262,0,235.284142857143,116.538571428571,FALSE,0,"Início ao 1o pico","Low"
2020-09-20,"FRA",134.746142857142,122.501714285715,2.81513892022758,1.20028241939285,NA,0,FALSE,"Queda","Queda","Queda",-1,1.625,-Inf,-75,0,30992,1.1934447529178,"Sem mudanças",3.06022292882291,0,247.565500000001,125.063785714286,FALSE,0,"Início ao 1o pico","Low"
2020-09-21,"FRA",136.080428571428,125.956785714286,0.990221824531412,5.11627906976766,NA,0,FALSE,"Queda","Voluntário","Voluntário",3,1.625,-400,200,50,31036,0.0599506428154539,"Sem mudanças",2.7386123545715,0,260.406428571429,134.449642857143,FALSE,0,"Início ao 1o pico","Low"
2020-09-22,"FRA",139.587571428571,129.505357142858,2.57725735725618,6.64823008849582,NA,-0.125,FALSE,"Queda","Voluntário","Voluntário",3,1.5,0,50,50,31082.9285714286,0.734241060441643,"Flexibilização",2.56469924096284,0,273.763214285715,144.257857142857,FALSE,0,"Início ao 1o pico","Low"
2020-09-23,"FRA",144.484499999999,133.292571428572,3.5081408189227,2.42713411471847,NA,0,FALSE,"Voluntário","Voluntário","Voluntário",4,1.5,33.3333333333333,100,33.3333333333333,31131,3.36630149274413,"Sem mudanças",2.55529805119368,0,287.095000000001,153.802428571429,FALSE,0,"Início ao 1o pico","Low"
2020-09-24,"FRA",150.865571428571,137.524714285715,4.41644012234632,4.01012658227862,NA,0,FALSE,"Queda","Voluntário","Voluntário",4,1.5,0,100,300,31181,0.892669557827941,"Sem mudanças",2.48305784538432,0,301.430714285715,163.906,FALSE,0,"Início ao 1o pico","Low"
2020-09-25,"FRA",157.778071428571,142.085642857144,4.58189362526149,9.86272028040145,NA,0,FALSE,"Voluntário","Voluntário","Voluntário",5,1.5,25,150,400,31235.9285714286,2.84133864905878,"Sem mudanças",2.17644140530325,0,317.047142857144,174.9615,FALSE,0,"Início ao 1o pico","Low"
2020-09-26,"FRA",160.799857142856,146.334714285715,1.91521273325599,2.72952853598023,NA,0.125,TRUE,"Queda","Imposto","Queda",3,1.625,-40,Inf,-250,31292.3571428571,6.90539277573408,"Restrição",2.0101354442439,0,333.108571428572,186.773857142857,FALSE,0,"Início ao 1o pico","Low"
2020-09-27,"FRA",165.296357142856,150.699000000001,2.79633333007583,2.78640441683926,NA,0,FALSE,"Queda","Queda","Queda",3,1.625,0,-400,-175,31350.3571428571,2.74925625342546,"Sem mudanças",1.89430014657892,0,345.179000000001,194.48,FALSE,0,"Início ao 1o pico","Low"
2020-09-28,"FRA",163.098428571428,154.558714285715,-1.32968966129668,6.16030214015963,NA,0,FALSE,"Voluntário","Voluntário","Voluntário",4,1.625,33.3333333333333,33.3333333333333,300,31411.9285714286,2.47935589640174,"Sem mudanças",1.82785220502778,0,387.600357142858,233.041642857143,FALSE,0,"Início ao 1o pico","Low"
2020-09-29,"FRA",163.285999999999,157.944214285715,0.115005049536276,2.66424223258761,NA,0,FALSE,"Queda","Voluntário","Voluntário",4,1.625,0,33.3333333333333,100,31475.1428571429,2.76804938815176,"Sem mudanças",1.69620818382674,0,410.604000000001,252.659785714286,FALSE,0,"Início ao 1o pico","Low"
2020-09-30,"FRA",167.661999999999,161.255285714286,2.67996031503006,3.6192823040198,NA,0,FALSE,"Queda","Queda","Voluntário",3,1.625,-25,-25,50,31540.6428571429,4.13821997598547,"Sem mudanças",1.68607680338542,0,432.625928571429,271.370642857143,FALSE,0,"Início ao 1o pico","Low"
2020-10-01,"FRA",170.609428571428,164.075785714286,1.75795861401424,1.08501783590966,NA,0,FALSE,"Queda","Queda","Voluntário",3,1.625,0,-25,50,31606.8571428571,7.68709752677303,"Sem mudanças",1.43437890591982,0,454.961285714286,290.8855,FALSE,0,"Início ao 1o pico","Low"
2020-10-02,"FRA",169.774071428571,165.789500000001,-0.489631288171977,-1.94089104543453,NA,0,FALSE,"Voluntário","Queda","Voluntário",5,1.625,66.6666666666667,0,150,31671.7857142857,5.63855783745506,"Sem mudanças",1.31005355047677,0,474.957428571429,309.167928571428,FALSE,0,"Início ao 1o pico","Low"
2020-10-03,"FRA",172.842999999999,167.510000000001,1.80765445842523,0,NA,0,FALSE,"Queda","Queda","Voluntário",3,1.625,-40,0,Inf,31736.7142857143,6.3164484176973,"Sem mudanças",1.66649498208234,0,498.796285714286,331.286285714285,FALSE,0,"Início ao 1o pico","Low"
2020-10-04,"FRA",174.905785714285,168.882785714286,1.1934447529178,2.31668915879448,NA,0,FALSE,"Queda","Queda","Queda",2,1.625,-33.3333333333333,-33.3333333333333,-300,31803.1428571429,6.59443712579042,"Sem mudanças",1.66313233375017,0,559.557357142858,390.674571428572,FALSE,0,"Início ao 1o pico","Low"
2020-10-05,"FRA",175.010642857142,170.584571428572,0.0599506428154539,1.93449109694444,NA,0,FALSE,"Voluntário","Queda","Queda",3,1.625,50,-25,0,31870.8571428571,3.0873386279987,"Sem mudanças",1.93520701644292,0,598.668928571429,428.084357142857,FALSE,0,"Início ao 1o pico","Low"
2020-10-06,"FRA",176.295642857142,172.443071428572,0.734241060441643,0.848249586658056,NA,0,FALSE,"Queda","Queda","Queda",3,1.625,0,-25,0,31939.1428571429,3.13892235405375,"Sem mudanças",2.12471018348688,0,617.377500000001,444.934428571429,FALSE,0,"Início ao 1o pico","Low"
2020-10-07,"FRA",182.230285714285,174.524285714286,3.36630149274413,3.35020315061665,NA,0,FALSE,"Queda","Queda","Queda",3,1.625,0,0,-25,32009.7142857143,2.84297045734732,"Sem mudanças",2.22887158784084,0,641.839500000001,467.315214285715,FALSE,0,"Início ao 1o pico","Low"
2020-10-08,"FRA",183.856999999999,176.416785714286,0.892669557827941,2.73122284295475,NA,0,FALSE,"Queda","Queda","Queda",3,1.625,0,0,-25,32082.2142857143,7.64162848258514,"Sem mudanças",2.65238151018075,0,668.638000000001,492.221214285715,FALSE,0,"Início ao 1o pico","Low"
2020-10-09,"FRA",189.080999999999,179.174928571429,2.84133864905878,-4.04162470627736,NA,0,FALSE,"Voluntário","Queda","Queda",4,1.625,33.3333333333333,-20,-20,32151.7857142857,6.59515858386306,"Sem mudanças",3.0901093048684,0,673.966357142858,494.791428571429,FALSE,0,"Início ao 1o pico","Low"
2020-10-10,"FRA",202.137785714285,183.359857142858,6.90539277573408,-0.405793045546787,NA,-0.25,FALSE,"Queda","Queda","Queda",2,1.375,-50,-33.3333333333333,-33.3333333333333,32221.0714285714,5.28786549636746,"Flexibilização",3.41216601624498,0,673.966357142858,490.6065,FALSE,0,"Início ao 1o pico","Low"
2020-10-11,"FRA",207.695071428571,188.044000000001,2.74925625342546,1.95995785036887,NA,0,FALSE,"Queda","Queda","Queda",2,1.375,0,0,-33.3333333333333,32291.7142857143,-2.51845659673153,"Sem mudanças",3.79795118573588,0,676.262642857144,488.218642857143,FALSE,0,"Início ao 1o pico","Low"
2020-10-12,"FRA",212.844571428571,193.448785714286,2.47935589640174,1.30908088741908,NA,0,FALSE,"Voluntário","Voluntário","Queda",4,1.375,100,33.3333333333333,0,32363.2857142857,17.6829659884916,"Sem mudanças",4.01419318467754,0,678.189428571429,484.740642857143,FALSE,0,"Início ao 1o pico","Low"
2020-10-13,"FRA",218.736214285714,199.511714285715,2.76804938815176,5.48830250272045,NA,0,FALSE,"Queda","Voluntário","Queda",4,1.375,0,33.3333333333333,0,32438.7857142857,4.91207520053749,"Sem mudanças",4.18595613422126,0,678.189428571429,478.677714285714,FALSE,0,"Início ao 1o pico","Low"
2020-10-14,"FRA",227.787999999999,206.019928571429,4.13821997598547,2.45632132035334,NA,0,FALSE,"Voluntário","Voluntário","Voluntário",5,1.375,25,66.6666666666667,66.6666666666667,32516.1428571429,3.26596110226665,"Sem mudanças",4.14857534597863,0,678.189428571429,472.1695,FALSE,0,"Início ao 1o pico","Low"
2020-10-15,"FRA",245.298285714285,214.797285714286,7.68709752677303,2.5862068965518,NA,0,FALSE,"Queda","Voluntário","Voluntário",4,1.375,-20,33.3333333333333,33.3333333333333,32595.5,3.66420297548156,"Sem mudanças",4.63064384060414,0,678.189428571429,463.392142857143,FALSE,0,"Início ao 1o pico","Low"
2020-10-16,"FRA",259.129571428571,224.804214285715,5.63855783745506,3.87045329080546,NA,0,FALSE,"Voluntário","Voluntário","Queda",5,1.375,25,25,0,32677.9285714286,4.99995069476789,"Sem mudanças",4.89877383594731,0,678.189428571429,453.385214285714,FALSE,0,"Início ao 1o pico","Low"
2020-10-17,"FRA",275.497357142856,235.284142857143,6.3164484176973,4.15731664107719,NA,0.25,TRUE,"Queda","Imposto","Queda",3,1.625,-40,50,0,32763.7857142857,0.592398048369391,"Restrição",4.78323617313541,0,678.189428571429,442.905285714286,FALSE,0,"Início ao 1o pico","Low"
2020-10-18,"FRA",293.664857142856,247.565500000001,6.59443712579042,4.40526136750208,NA,0,FALSE,"Queda","Queda","Queda",1,1.625,-66.6666666666667,-50,-50,32853.4285714286,3.24468437048033,"Sem mudanças",4.40697096955276,0,678.189428571429,430.623928571428,FALSE,0,"Início ao 1o pico","Low"
2020-10-19,"FRA",302.731285714285,260.406428571429,3.0873386279987,6.13630192777637,NA,0,FALSE,"Voluntário","Voluntário","Voluntário",8,1.625,700,100,166.666666666667,32948.5714285714,17.654404813999,"Sem mudanças",4.58073663413389,0,678.189428571429,417.783,FALSE,0,"Início ao 1o pico","Low"
2020-10-20,"FRA",312.233785714285,273.763214285715,3.13892235405375,14.5612688667181,NA,0,FALSE,"Queda","Voluntário","Voluntário",8,1.625,0,100,166.666666666667,33057.5714285714,8.53632468755001,"Sem mudanças",4.61630175657067,0,678.189428571429,404.426214285714,FALSE,0,"Início ao 1o pico","Low"
2020-10-21,"FRA",321.110499999999,287.095000000001,2.84297045734732,5.76570943682739,NA,0,FALSE,"Queda","Voluntário","Voluntário",7,1.625,-12.5,40,133.333333333333,33172.8571428571,-11.0686137238942,"Sem mudanças",4.58244339939182,0,678.189428571429,391.094428571428,FALSE,0,"Início ao 1o pico","Low"
2020-10-22,"FRA",345.648571428571,301.430714285715,7.64162848258514,5.02069082003216,NA,0,FALSE,"Voluntário","Voluntário","Voluntário",8,1.625,14.2857142857143,100,166.666666666667,33293.9285714286,2.87761980004053,"Sem mudanças",4.39050433996288,0,678.189428571429,376.758714285714,FALSE,0,"Início ao 1o pico","Low"
2020-10-23,"FRA",368.444642857142,317.047142857144,6.59515858386306,11.2098427887903,NA,0,FALSE,"Voluntário","Voluntário","Voluntário",10,1.625,25,100,150,33428.5714285714,2.9818013189882,"Sem mudanças",4.03006435502819,0,678.189428571429,361.142285714285,FALSE,0,"Início ao 1o pico","Low"
2020-10-24,"FRA",387.927499999999,333.108571428572,5.28786549636746,5.3581112838498,NA,0,FALSE,"Queda","Voluntário","Voluntário",4,1.625,-60,33.3333333333333,100,33570.4285714286,6.615717544007,"Sem mudanças",3.81065263736983,0,678.189428571429,345.080857142857,FALSE,0,"Início ao 1o pico","Low"
2020-10-25,"FRA",378.157714285714,345.179000000001,-2.51845659673153,-3.37325417796235,NA,0,FALSE,"Queda","Voluntário","Queda",2,1.625,-50,100,0,33707.5,4.7893473250463,"Sem mudanças",3.94935889178123,0,678.189428571429,333.010428571428,FALSE,0,"Início ao 1o pico","Low"
2020-10-27,"FRA",466.887285714285,387.600357142858,4.91207520053749,18.1395062108931,NA,0,FALSE,"Voluntário","Voluntário","Voluntário",10,1.625,11.1111111111111,25,150,34052,-1.8333859490798,"Sem mudanças",3.9343789754985,0,678.189428571429,290.589071428571,FALSE,0,"Início ao 1o pico","Low"
2020-10-28,"FRA",482.135642857142,410.604000000001,3.26596110226665,5.85994573158011,NA,0,FALSE,"Queda","Queda","Voluntário",7,1.625,-30,0,40,34249.5,-0.180011313035988,"Sem mudanças",3.92315604442239,0,678.189428571429,267.585428571428,FALSE,0,"Início ao 1o pico","Low"
2020-10-29,"FRA",499.802071428571,432.625928571429,3.66420297548156,5.31621235273825,NA,0,FALSE,"Queda","Queda","Queda",4,1.625,-42.8571428571429,-50,0,34457.5,-2.20439118600182,"Sem mudanças",4.1926379791838,0,678.189428571429,245.5635,FALSE,0,"Início ao 1o pico","Low"
2020-10-30,"FRA",524.791928571428,454.961285714286,4.99995069476789,12.6371954786924,NA,0.625,TRUE,"Imposto","Imposto","Imposto",20,2.25,400,100,300,34691.7857142857,-4.0956828098793,"Restrição",3.98890361078817,0,678.189428571429,223.228142857143,FALSE,0,"Início ao 1o pico","High"
2020-10-31,"FRA",527.900785714285,474.957428571429,0.592398048369391,4.54384907855649,NA,0,FALSE,"Queda","Voluntário","Voluntário",16,2.25,-20,300,433.333333333333,34936.7142857143,-0.523223550042184,"Sem mudanças",2.99065562683573,0,678.189428571429,203.232,FALSE,0,"Início ao 1o pico","High"
2020-11-01,"FRA",545.029499999999,498.796285714286,3.24468437048033,4.2589133113399,NA,0,FALSE,"Queda","Voluntário","Voluntário",11,2.25,-31.25,450,1000,35192.0714285714,-3.20800082533065,"Sem mudanças",2.48199480930378,1,678.189428571429,179.393142857143,FALSE,0,"Início ao 1o pico","High"
2020-11-03,"FRA",695.990499999999,559.557357142858,8.53632468755001,25.8887376478285,NA,0,FALSE,"Voluntário","Voluntário","Voluntário",14,2.25,7.69230769230769,40,75,35814.0714285714,-5.66213172862631,"Sem mudanças",2.64902661528203,2,678.189428571429,118.632071428571,FALSE,0,"Início ao 1o pico","High"
2020-11-05,"FRA",636.765142857142,598.668928571429,2.87761980004053,4.29759568922601,NA,0,FALSE,"Queda","Voluntário","Voluntário",14,2.25,-6.66666666666667,250,75,36493.2142857143,-7.06352754616805,"Sem mudanças",2.14070758767208,3,678.189428571429,79.5205,FALSE,0,"Início ao 1o pico","High"
2020-11-06,"FRA",655.752214285714,617.377500000001,2.9818013189882,10.8986508304203,NA,0,FALSE,"Voluntário","Queda","Voluntário",17,2.25,21.4285714285714,-15,70,36877.7142857143,-7.72708226126077,"Sem mudanças",1.61487587966166,4,678.189428571429,60.811928571428,FALSE,0,"Início ao 1o pico","High"
2020-11-07,"FRA",699.134928571428,641.839500000001,6.615717544007,3.10157990682602,NA,0,FALSE,"Queda","Voluntário","Voluntário",17,2.25,0,6.25,325,37274.1428571429,-15.3282688676181,"Sem mudanças",1.31577398498139,5,678.189428571429,36.349928571428,FALSE,0,"Início ao 1o pico","High"
2020-11-08,"FRA",732.618928571428,668.638000000001,4.7893473250463,5.24299501485725,NA,0,FALSE,"Queda","Voluntário","Voluntário",13,2.25,-23.5294117647059,18.1818181818182,550,37691.3571428571,-6.67390230564012,"Sem mudanças",0.729491733545779,6,678.189428571429,9.55142857142789,FALSE,0,"Início ao 1o pico","High"
2020-11-09,"FRA",678.549357142856,673.966357142858,-7.38031319147112,2.92724472652603,NA,0,FALSE,"Voluntário","Voluntário","Voluntário",14,2.25,7.69230769230769,7.69230769230769,55.5555555555556,38120.7857142857,-4.60079443112561,"Sem mudanças",0.282739606617515,7,678.189428571429,4.22307142857096,FALSE,0,"Início ao 1o pico","High"
2020-11-10,"FRA",666.108928571428,669.697571428572,-1.8333859490798,11.6763582367011,NA,0,FALSE,"Queda","Queda","Voluntário",13,2.25,-7.14285714285714,-7.14285714285714,30,38600.3571428571,-3.74094025868534,"Sem mudanças",-0.453561244571655,8,678.189428571429,8.49185714285693,FALSE,0,"Início ao 1o pico","High"
2020-11-11,"FRA",664.909857142856,676.262642857144,-0.180011313035988,1.02718174620897,NA,0,FALSE,"Voluntário","Voluntário","Voluntário",30,2.25,130.769230769231,100,328.571428571429,39084.8571428571,-6.01752124633184,"Sem mudanças",-1.61523316948671,9,678.189428571429,1.92678571428496,FALSE,0,"Início ao 1o pico","High"
2020-11-12,"FRA",650.252642857142,678.189428571429,-2.20439118600182,2.69857536118314,NA,0,FALSE,"Queda","Queda","Voluntário",14,2.25,-53.3333333333333,0,250,39582.4285714286,-6.39466325034168,"Sem mudanças",-2.2974847484639,10,678.189428571429,0,TRUE,1,"1o ao 2o Pico","High"
2020-11-13,"FRA",623.620357142856,673.599142857144,-4.0956828098793,5.54099002152222,NA,0,FALSE,"Voluntário","Queda","Queda",17,2.25,21.4285714285714,0,-15,40107.5714285714,-3.93001851580392,"Sem mudanças",-2.83909873061489,11,678.189428571429,4.59028571428496,FALSE,1,"1o ao 2o Pico","High"
2020-11-14,"FRA",620.357428571428,662.345285714286,-0.523223550042184,1.78154313892702,NA,0,FALSE,"Queda","Queda","Queda",16,2.25,-5.88235294117647,-5.88235294117647,0,40642.0714285714,-7.05769678043463,"Sem mudanças",-3.57886000223577,12,678.189428571429,15.844142857143,FALSE,1,"1o ao 2o Pico","High"
2020-11-15,"FRA",600.456357142856,643.464928571429,-3.20800082533065,0.961696082181307,NA,0,FALSE,"Queda","Queda","Voluntário",13,2.25,-18.75,0,18.1818181818182,41181.7142857143,-6.7941530021983,"Sem mudanças",-4.35077918590564,13,678.189428571429,34.7244999999999,FALSE,1,"1o ao 2o Pico","High"
2020-11-17,"FRA",471.492714285713,590.125785714286,-5.66213172862631,-0.694147037830128,NA,0,FALSE,"Voluntário","Voluntário","Queda",14,2.25,7.69230769230769,7.69230769230769,0,42269.0714285714,-15.954245679109,"Sem mudanças",-4.2803756186821,14,678.189428571429,88.0636428571429,FALSE,1,"1o ao 2o Pico","High"
2020-11-19,"FRA",511.220499999999,553.859142857144,-7.06352754616805,0.782513698224108,NA,0,FALSE,"Queda","Queda","Queda",14,2.25,0,0,0,43423.1428571429,-4.37963522001245,"Sem mudanças",-4.43013508773383,14,678.189428571429,124.330285714285,FALSE,1,"1o ao 2o Pico","High"
2020-11-20,"FRA",471.718071428571,532.158857142858,-7.72708226126077,3.84689718919373,NA,0,FALSE,"Voluntário","Queda","Queda",16,2.25,14.2857142857143,-5.88235294117647,-5.88235294117647,44024.7142857143,-6.7721223987017,"Sem mudanças",-4.92139833540516,14,678.189428571429,146.030571428571,FALSE,1,"1o ao 2o Pico","High"
2020-11-22,"FRA",372.755499999999,468.066500000001,-6.67390230564012,-0.66919037733546,NA,0,FALSE,"Queda","Queda","Queda",12,2.25,-20,-7.69230769230769,-7.69230769230769,45216.5714285714,-1.38909927736803,"Sem mudanças",-5.24923846513348,14,678.189428571429,210.122928571428,FALSE,1,"1o ao 2o Pico","High"
2020-11-23,"FRA",355.605785714285,447.468500000001,-4.60079443112561,-0.649111160286209,NA,0,FALSE,"Voluntário","Queda","Queda",13,2.25,8.33333333333333,0,-7.14285714285714,45806.6428571429,-1.06635973300295,"Sem mudanças",-5.12685054440326,14,678.189428571429,230.720928571428,FALSE,1,"1o ao 2o Pico","High"
2020-11-24,"FRA",342.302785714285,429.012785714286,-3.74094025868534,-2.66372988178615,NA,0,FALSE,"Queda","Queda","Queda",13,2.25,0,-7.14285714285714,0,46381,2.68709280742874,"Sem mudanças",-5.6236066618275,14,678.189428571429,249.176642857143,FALSE,1,"1o ao 2o Pico","High"
2020-11-25,"FRA",321.704642857142,396.388428571429,-6.01752124633184,0.74666079056207,NA,0,FALSE,"Voluntário","Queda","Queda",14,2.25,7.69230769230769,0,-53.3333333333333,46959.6428571429,-1.3217330573206,"Sem mudanças",-5.7072948328762,14,678.189428571429,281.801,FALSE,1,"1o ao 2o Pico","High"
2020-11-26,"FRA",301.132714285713,366.375857142858,-6.39466325034168,-1.03724142572327,NA,0,FALSE,"Queda","Queda","Queda",13,2.25,-7.14285714285714,-7.14285714285714,-7.14285714285714,47532.2857142857,0.561161117475018,"Sem mudanças",-5.78657988073873,14,678.189428571429,311.813571428571,FALSE,1,"1o ao 2o Pico","High"
2020-11-27,"FRA",289.298142857142,340.315857142858,-3.93001851580392,0.323869432165935,NA,0,FALSE,"Voluntário","Queda","Queda",15,2.25,15.3846153846154,-6.25,-11.7647058823529,48106.7857142857,0.458089923942762,"Sem mudanças",-5.49341884058186,14,678.189428571429,337.873571428571,FALSE,1,"1o ao 2o Pico","High"
2020-11-28,"FRA",268.880357142856,321.668428571429,-7.05769678043463,-1.75307784207898,NA,-0.125,FALSE,"Queda","Queda","Queda",10,2.125,-33.3333333333333,-33.3333333333333,-37.5,48671.2142857143,0.937470663296347,"Flexibilização",-5.0407057703038,14,678.189428571429,356.521,FALSE,1,"1o ao 2o Pico","High"
2020-11-29,"FRA",250.612214285713,304.219357142858,-6.7941530021983,-1.32899820615425,NA,0,FALSE,"Queda","Queda","Queda",8,2.125,-20,-33.3333333333333,-38.4615384615385,49228.1428571429,1.11834870364902,"Sem mudanças",-4.64016701511544,14,678.189428571429,373.970071428571,FALSE,1,"1o ao 2o Pico","High"
2020-11-30,"FRA",244.641999999999,288.367357142858,-2.38225191965619,-1.30756658013655,NA,0,FALSE,"Voluntário","Queda","Queda",11,2.125,37.5,-15.3846153846154,-15.3846153846154,49777.7857142857,-0.726106757110656,"Sem mudanças",-4.11960364093298,14,678.189428571429,389.822071428571,FALSE,1,"1o ao 2o Pico","High"
2020-12-02,"FRA",190.235999999999,250.058785714286,-7.47780919398159,-1.65527100360211,NA,0,FALSE,"Queda","Queda","Queda",11,2.125,0,-21.4285714285714,-21.4285714285714,50804.3571428571,2.15329442574894,"Sem mudanças",-3.94680312654978,14,678.189428571429,428.130642857143,FALSE,1,"1o ao 2o Pico","High"
2020-12-03,"FRA",181.904357142856,233.026142857144,-4.37963522001245,-1.30538315147226,NA,0,FALSE,"Queda","Queda","Queda",11,2.125,0,-15.3846153846154,-21.4285714285714,51306.7142857143,3.38702133410014,"Sem mudanças",-3.47689724342072,14,678.189428571429,445.163285714285,FALSE,1,"1o ao 2o Pico","High"
2020-12-04,"FRA",169.585571428571,215.924357142858,-6.7721223987017,-7.26536307435904,NA,0,FALSE,"Voluntário","Queda","Queda",13,2.125,18.1818181818182,-13.3333333333333,-18.75,51772.5714285714,2.62391215773159,"Sem mudanças",-2.98741487382898,13,678.189428571429,462.265071428571,FALSE,1,"1o ao 2o Pico","High"
2020-12-05,"FRA",164.567071428571,201.022500000001,-2.95927298397186,-0.613349494274007,NA,0,FALSE,"Queda","Queda","Queda",10,2.125,-23.0769230769231,0,-33.3333333333333,52235.5714285714,2.58640643895323,"Sem mudanças",-2.63973707532182,12,678.189428571429,477.166928571428,FALSE,1,"1o ao 2o Pico","High"
2020-12-06,"FRA",162.281071428571,188.403785714286,-1.38909927736803,-0.617134686754217,NA,0,FALSE,"Queda","Queda","Queda",8,2.125,-20,0,-33.3333333333333,52695.7142857143,1.0260083110188,"Sem mudanças",-2.0557338264587,11,678.189428571429,489.785642857143,FALSE,1,"1o ao 2o Pico","High"
2020-12-07,"FRA",160.550571428571,176.390714285715,-1.06635973300295,-2.17285517825031,NA,0,FALSE,"Voluntário","Queda","Queda",10,2.125,25,-9.09090909090909,-23.0769230769231,53145.8571428571,1.39930984739427,"Sem mudanças",-1.62230195180958,10,678.189428571429,501.798714285714,FALSE,1,"1o ao 2o Pico","High"
2020-12-08,"FRA",164.864714285713,170.569785714286,2.68709280742874,-2.74449586919852,NA,0,FALSE,"Queda","Queda","Queda",10,2.125,0,-9.09090909090909,-23.0769230769231,53583.6428571429,-1.17807614715861,"Sem mudanças",-1.30418044391406,9,678.189428571429,507.619642857143,FALSE,1,"1o ao 2o Pico","High"
2020-12-09,"FRA",162.685642857142,166.634000000001,-1.3217330573206,-1.48546776668371,NA,0,FALSE,"Voluntário","Queda","Queda",11,2.125,10,0,-21.4285714285714,54014.9285714286,0.198879598880719,"Sem mudanças",-0.616244471076169,8,678.189428571429,511.555428571428,FALSE,1,"1o ao 2o Pico","High"
2020-12-10,"FRA",163.598571428571,164.018928571429,0.561161117475018,-0.57899370217378,NA,0,FALSE,"Queda","Queda","Queda",10,2.125,-9.09090909090909,-9.09090909090909,-23.0769230769231,54443.7142857143,4.28983632358511,"Sem mudanças",-0.061483288639555,7,678.189428571429,514.1705,FALSE,1,"1o ao 2o Pico","High"
2020-12-11,"FRA",164.347999999999,163.270714285715,0.458089923942762,-5.51374178387769,NA,0,FALSE,"Voluntário","Queda","Queda",13,2.125,30,0,-13.3333333333333,54848.8571428571,3.55084952861131,"Sem mudanças",0.609662036819966,6,678.189428571429,514.918714285714,FALSE,1,"1o ao 2o Pico","High"
2020-12-12,"FRA",165.888714285713,163.459571428572,0.937470663296347,-0.335207612456756,NA,0,FALSE,"Queda","Queda","Queda",10,2.125,-23.0769230769231,0,0,55252.6428571429,-5.49522814869561,"Sem mudanças",1.00578199560033,5,678.189428571429,514.729857142857,FALSE,1,"1o ao 2o Pico","High"
2020-12-13,"FRA",167.743928571428,164.240000000001,1.11834870364902,-0.848673345147266,NA,0,FALSE,"Queda","Queda","Queda",7,2.125,-30,-12.5,-12.5,55653,-1.45234896388569,"Sem mudanças",1.1782896804851,4,678.189428571429,513.949428571428,FALSE,1,"1o ao 2o Pico","High"
2020-12-14,"FRA",166.525928571428,165.093642857144,-0.726106757110656,-0.589672822769882,NA,0,FALSE,"Voluntário","Queda","Queda",10,2.125,42.8571428571429,0,-9.09090909090909,56051,-0.0467528791734506,"Sem mudanças",1.35440893622776,3,678.189428571429,513.095785714285,FALSE,1,"1o ao 2o Pico","High"
2020-12-15,"FRA",169.975428571428,165.823785714286,2.07144919088105,0.250721588963354,NA,-0.125,FALSE,"Queda","Queda","Queda",9,2,-10,-10,-18.1818181818182,56450,-0.0875821940173438,"Flexibilização",1.07832543947152,2,673.599142857144,507.775357142858,FALSE,1,"1o ao 2o Pico",NA
2020-12-16,"FRA",173.635499999999,167.388071428572,2.15329442574894,-0.376971782015156,NA,0,FALSE,"Queda","Queda","Queda",9,2,0,-18.1818181818182,-18.1818181818182,56847.5,4.78707736914776,"Sem mudanças",1.18694062920019,1,662.345285714286,494.957214285714,FALSE,1,"1o ao 2o Pico",NA
2020-12-17,"FRA",179.51657142857,169.662142857144,3.38702133410014,-1.13152094048494,NA,0,FALSE,"Queda","Queda","Queda",9,2,0,-10,-18.1818181818182,57240.5,0.854067556478189,"Sem mudanças",1.45327457249377,0,643.464928571429,473.802785714285,FALSE,1,"1o ao 2o Pico",NA
2020-12-18,"FRA",184.226928571428,172.502000000001,2.62391215773159,-0.328230281411024,NA,0,FALSE,"Voluntário","Queda","Queda",11,2,22.2222222222222,-15.3846153846154,-15.3846153846154,57632.2142857143,1.72192711216448,"Sem mudanças",1.67418597282723,0,590.125785714286,417.623785714285,FALSE,1,"1o ao 2o Pico",NA
2020-12-19,"FRA",188.991785714285,175.802428571429,2.58640643895323,-0.42002709050466,NA,0,FALSE,"Queda","Queda","Queda",7,2,-36.3636363636364,-30,-30,58022.2857142857,-7.06991757473868,"Sem mudanças",1.21470748625638,0,553.859142857144,378.056714285715,FALSE,1,"1o ao 2o Pico",NA
2020-12-20,"FRA",190.930857142856,179.114857142858,1.0260083110188,-0.787440879537782,NA,0,FALSE,"Queda","Queda","Queda",4,2,-42.8571428571429,-42.8571428571429,-50,58409.2857142857,-0.165650520846683,"Sem mudanças",1.03108622428961,0,532.158857142858,353.044,FALSE,1,"1o ao 2o Pico",NA
2020-12-21,"FRA",193.60257142857,182.982928571429,1.39930984739427,-0.221378078538892,NA,0,FALSE,"Voluntário","Voluntário","Voluntário",13,2,225,30,30,58795.4285714286,-1.02389459330987,"Sem mudanças",1.07961150128513,1,468.066500000001,285.083571428572,FALSE,1,"1o ao 2o Pico",NA
2020-12-22,"FRA",191.321785714285,186.032428571429,-1.17807614715861,-0.665607745253749,NA,0,FALSE,"Queda","Voluntário","Voluntário",12,2,-7.69230769230769,33.3333333333333,20,59179,4.943123527356,"Sem mudanças",0.925394973792387,1,447.468500000001,261.436071428572,FALSE,1,"1o ao 2o Pico",NA
2020-12-23,"FRA",191.702285714285,188.613428571429,0.198879598880719,-0.371836848650997,NA,-0.125,FALSE,"Queda","Voluntário","Queda",10,1.875,-16.6666666666667,11.1111111111111,-9.09090909090909,59561.1428571429,5.35661083275325,"Flexibilização",1.1135223268923,1,429.012785714286,240.399357142857,FALSE,1,"1o ao 2o Pico",NA
2020-12-24,"FRA",199.925999999999,191.529071428572,4.28983632358511,-0.0942615120056001,NA,0,FALSE,"Queda","Voluntário","Queda",10,1.875,0,11.1111111111111,0,59942.9285714286,0.0244378695208214,"Sem mudanças",0.932597057062163,1,396.388428571429,204.859357142857,FALSE,1,"1o ao 2o Pico",NA
2020-12-25,"FRA",207.02507142857,194.786000000001,3.55084952861131,-8.77459167931052,NA,0,FALSE,"Voluntário","Voluntário","Voluntário",23,1.875,130,109.090909090909,76.9230769230769,60291.2142857143,-0.200450308100175,"Sem mudanças",0.868169553807369,1,366.375857142858,171.589857142857,FALSE,1,"1o ao 2o Pico",NA
2020-12-26,"FRA",195.64857142857,195.736928571429,-5.49522814869561,-0.964374065325868,NA,0,FALSE,"Queda","Voluntário","Queda",8,1.875,-65.2173913043478,14.2857142857143,-20,60636.1428571429,8.53568722920697,"Sem mudanças",0.178432124257947,1,340.315857142858,144.578928571429,FALSE,1,"1o ao 2o Pico",NA
2020-12-27,"FRA",192.80707142857,196.004928571429,-1.45234896388569,0.477003626921069,NA,0,FALSE,"Queda","Voluntário","Queda",5,1.875,-37.5,25,-28.5714285714286,60982.7142857143,3.27851161319912,"Sem mudanças",0.0933136362675557,1,321.668428571429,125.6635,FALSE,1,"1o ao 2o Pico",NA
2020-12-28,"FRA",192.716928571428,195.878428571429,-0.0467528791734506,-0.164332766830055,NA,0,FALSE,"Voluntário","Voluntário","Voluntário",17,1.875,240,30.7692307692308,70,61328.7142857143,0.316477804636084,"Sem mudanças",-0.0797723952113114,1,304.219357142858,108.340928571429,FALSE,1,"1o ao 2o Pico",NA
2020-12-29,"FRA",192.548142857142,196.053571428572,-0.0875821940173438,3.67473269555432,NA,0,FALSE,"Queda","Voluntário","Voluntário",17,1.875,0,41.6666666666667,88.8888888888889,61687.4285714286,3.63720264652654,"Sem mudanças",0.357456152968304,1,288.367357142858,92.313785714286,FALSE,1,"1o ao 2o Pico",NA
2020-12-30,"FRA",201.76557142857,197.491142857144,4.78707736914776,0.279541877001566,NA,0,FALSE,"Queda","Voluntário","Voluntário",14,1.875,-17.6470588235294,40,55.5555555555556,62047.1428571429,-1.10698670499882,"Sem mudanças",0.725865526816342,1,282.894000000001,85.402857142857,FALSE,1,"1o ao 2o Pico",NA
2020-12-31,"FRA",203.488785714285,198.000071428572,0.854067556478189,-0.198922839589699,NA,0,FALSE,"Voluntário","Voluntário","Voluntário",15,1.875,7.14285714285714,50,66.6666666666667,62406.1428571429,0.602157983896379,"Sem mudanças",0.421194208668892,1,285.618214285715,87.618142857143,FALSE,1,"1o ao 2o Pico",NA
2021-01-01,"FRA",206.992714285713,197.995428571429,1.72192711216448,-9.52936231373139,NA,0,FALSE,"Voluntário","Voluntário","Voluntário",24,1.875,60,4.34782608695652,118.181818181818,62730.9285714286,0.8484944238355,"Sem mudanças",0.153244220332358,1,288.111000000001,90.115571428572,FALSE,1,"1o ao 2o Pico",NA
2021-01-02,"FRA",192.358499999999,197.525428571429,-7.06991757473868,-0.725387047944492,NA,0,FALSE,"Queda","Voluntário","Voluntário",10,1.875,-58.3333333333333,25,42.8571428571429,63053.3571428571,7.66710122969594,"Sem mudanças",1.15545246161111,1,290.437428571429,92.912,FALSE,1,"1o ao 2o Pico",NA
2021-01-03,"FRA",192.039857142856,197.415785714286,-0.165650520846683,-0.332130617913928,NA,0,FALSE,"Queda","Voluntário","Voluntário",6,1.875,-40,20,50,63374.7142857143,1.64583354181336,"Sem mudanças",1.49337107426003,1,292.778928571429,95.363142857143,FALSE,1,"1o ao 2o Pico",NA
2021-01-04,"FRA",190.07357142857,197.038214285715,-1.02389459330987,0.687680819158132,NA,0,FALSE,"Voluntário","Queda","Queda",11,1.875,83.3333333333333,-35.2941176470588,-15.3846153846154,63698.2857142857,-0.111674316503707,"Sem mudanças",1.51931612310357,0,295.136357142858,98.098142857143,FALSE,1,"1o ao 2o Pico",NA
2021-01-05,"FRA",199.469142857142,198.026928571429,4.943123527356,1.45623034916433,NA,0,FALSE,"Queda","Queda","Queda",11,1.875,0,-35.2941176470588,-8.33333333333334,64026.5714285714,1.20003633406349,"Sem mudanças",1.78537218314242,0,297.041428571429,99.0145,FALSE,1,"1o ao 2o Pico",NA
2021-01-06,"FRA",210.153928571428,199.225285714286,5.35661083275325,0.108242760338673,NA,0,FALSE,"Queda","Queda","Voluntário",11,1.875,0,-21.4285714285714,10,64355.2142857143,0.635360504834948,"Sem mudanças",1.36436760641766,0,298.423928571429,99.198642857143,FALSE,1,"1o ao 2o Pico",NA
2021-01-07,"FRA",210.205285714285,200.184785714286,0.0244378695208214,-0.325858340492335,NA,0,FALSE,"Queda","Queda","Voluntário",11,1.875,0,-26.6666666666667,10,64682.7857142857,0.361944224808197,"Sem mudanças",1.34637406551896,0,298.423928571429,98.239142857143,FALSE,1,"1o ao 2o Pico",NA
2021-01-08,"FRA",209.783928571428,200.583500000001,-0.200450308100175,9.41985912562788,NA,0,FALSE,"Voluntário","Queda","Queda",12,1.875,9.09090909090908,-50,-47.8260869565217,65041.2142857143,1.3247316513421,"Sem mudanças",1.2839860163526,0,298.423928571429,97.840428571428,FALSE,1,"1o ao 2o Pico",NA
2021-01-09,"FRA",227.690428571428,205.630928571429,8.53568722920697,0.43866201295617,NA,0,FALSE,"Queda","Queda","Voluntário",9,1.875,-25,-10,12.5,65401.2142857143,1.41420454691596,"Sem mudanças",2.33663021666936,0,298.423928571429,92.793,FALSE,1,"1o ao 2o Pico",NA
2021-01-10,"FRA",235.155285714285,211.790285714286,3.27851161319912,-0.436746173400426,NA,0,FALSE,"Queda","Queda","Voluntário",6,1.875,-33.3333333333333,0,20,65759.6428571429,0.927440841027116,"Sem mudanças",2.46602193543079,0,298.423928571429,86.633642857143,FALSE,1,"1o ao 2o Pico",NA
2021-01-11,"FRA",235.899499999999,218.336785714286,0.316477804636084,-1.11634728993794,NA,0,FALSE,"Voluntário","Queda","Queda",10,1.875,66.6666666666667,-9.09090909090909,-41.1764705882353,66114.0714285714,0.178466380245967,"Sem mudanças",2.53118052663123,0,298.423928571429,80.087142857143,FALSE,1,"1o ao 2o Pico",NA
2021-01-12,"FRA",244.479642857142,224.766857142858,3.63720264652654,-4.57485819450362,NA,0,FALSE,"Queda","Queda","Queda",10,1.875,0,-9.09090909090909,-41.1764705882353,66452.2857142857,0.90659548086911,"Sem mudanças",2.26381715568177,0,298.423928571429,73.657071428571,FALSE,1,"1o ao 2o Pico",NA
2021-01-13,"FRA",241.773285714285,229.283928571429,-1.10698670499882,-1.58462867012089,NA,0,FALSE,"Queda","Queda","Queda",9,1.875,-10,-18.1818181818182,-35.7142857142857,66785.1428571429,1.10127389405885,"Sem mudanças",1.92658498940189,0,298.423928571429,69.14,FALSE,1,"1o ao 2o Pico",NA
2021-01-14,"FRA",243.229142857142,234.001642857144,0.602157983896379,0.707819652232389,NA,0,FALSE,"Queda","Queda","Queda",9,1.875,0,-18.1818181818182,-40,67120.3571428571,0.911038734636738,"Sem mudanças",1.95069258620813,0,298.423928571429,64.422285714285,FALSE,1,"1o ao 2o Pico",NA
2021-01-15,"FRA",245.292928571428,239.074357142858,0.8484944238355,10.7183828761454,NA,0,FALSE,"Voluntário","Queda","Queda",11,1.875,22.2222222222222,-8.33333333333334,-54.1666666666667,67491.5,0.685784655090149,"Sem mudanças",2.05963415473972,0,298.423928571429,59.349571428571,FALSE,1,"1o ao 2o Pico",NA
2021-01-16,"FRA",264.099785714285,244.275642857144,7.66710122969594,0.71218718850008,NA,0,FALSE,"Queda","Voluntário","Queda",10,1.875,-9.09090909090909,11.1111111111111,0,67865.2857142857,0.936086634659539,"Sem mudanças",1.55095682029036,0,298.423928571429,54.148285714285,FALSE,1,"1o ao 2o Pico",NA
2021-01-17,"FRA",268.446428571428,249.031571428572,1.64583354181336,0.477945485563969,NA,0,FALSE,"Queda","Queda","Queda",6,1.875,-40,0,0,68240.8571428571,0.912276630086106,"Sem mudanças",1.38302319370665,0,298.423928571429,49.392357142857,FALSE,1,"1o ao 2o Pico",NA
2021-01-18,"FRA",268.146642857142,253.638285714286,-0.111674316503707,0.361614433470714,NA,0,FALSE,"Voluntário","Queda","Queda",9,1.875,50,-10,-18.1818181818182,68617.7857142857,0.205705292599045,"Sem mudanças",1.37316523482164,0,298.423928571429,44.785642857143,FALSE,1,"1o ao 2o Pico",NA
2021-01-19,"FRA",271.364499999999,257.479000000001,1.20003633406349,-4.01766688621131,NA,0,FALSE,"Voluntário","Queda","Queda",10,1.875,11.1111111111111,0,-9.09090909090909,68979.5714285714,-0.194162925195251,"Sem mudanças",1.17812186584611,0,298.423928571429,40.944928571428,FALSE,1,"1o ao 2o Pico",NA
2021-01-20,"FRA",273.088642857142,261.952571428572,0.635360504834948,0.552999111972241,NA,0,FALSE,"Queda","Voluntário","Queda",10,1.875,0,11.1111111111111,-9.09090909090909,69343.3571428571,-0.164180051185403,"Sem mudanças",1.3358547657788,0,298.423928571429,36.471357142857,FALSE,1,"1o ao 2o Pico",NA
2021-01-21,"FRA",274.07707142857,266.359357142858,0.361944224808197,1.39429703076286,NA,0,FALSE,"Queda","Voluntário","Queda",10,1.875,0,11.1111111111111,-9.09090909090909,69712.2142857143,-7.92277534377225,"Sem mudanças",1.35791767654597,0,298.423928571429,32.064571428571,FALSE,1,"1o ao 2o Pico",NA
2021-01-22,"FRA",277.707857142856,270.990071428572,1.3247316513421,1.12306169580996,NA,0,FALSE,"Voluntário","Voluntário","Queda",12,1.875,20,9.09090909090908,0,70085.2142857143,8.45013022226431,"Sem mudanças",1.34629555020702,0,298.423928571429,27.433857142857,FALSE,1,"1o ao 2o Pico",NA
2021-01-23,"FRA",281.635214285713,273.495142857144,1.41420454691596,1.18758645890431,NA,0,FALSE,"Queda","Queda","Queda",8,1.875,-33.3333333333333,-20,-11.1111111111111,70462.6428571429,-1.16649060804922,"Sem mudanças",0.865508793418702,0,298.423928571429,24.928785714285,FALSE,1,"1o ao 2o Pico",NA
2021-01-24,"FRA",284.247214285713,275.752428571429,0.927440841027116,0.397234832851834,NA,0,FALSE,"Queda","Queda","Queda",5,1.875,-37.5,-16.6666666666667,-16.6666666666667,70841.5714285714,0.452506252460805,"Sem mudanças",0.813111871152469,0,298.423928571429,22.6715,FALSE,1,"1o ao 2o Pico",NA
2021-01-25,"FRA",284.754499999999,278.125000000001,0.178466380245967,2.52684856893275,NA,-0.125,FALSE,"Voluntário","Queda","Queda",9,1.75,80,0,-10,71230.0714285714,0.0151452055583645,"Flexibilização",0.835781843231237,0,298.423928571429,20.298928571428,FALSE,1,"1o ao 2o Pico",NA
2021-01-26,"FRA",287.33607142857,280.406642857144,0.90659548086911,-2.3530591021288,NA,0,FALSE,"Voluntário","Queda","Queda",10,1.75,11.1111111111111,0,0,71609.4285714286,-1.14697360141647,"Sem mudanças",0.736196181855613,0,298.423928571429,18.017285714285,FALSE,1,"1o ao 2o Pico",NA
2021-01-27,"FRA",290.500428571428,282.894000000001,1.10127389405885,2.27888057690582,NA,0,FALSE,"Queda","Queda","Voluntário",10,1.75,0,0,11.1111111111111,71997.4285714286,-0.453489196372481,"Sem mudanças",0.679086142139874,0,298.423928571429,15.529928571428,FALSE,1,"1o ao 2o Pico",NA
2021-01-28,"FRA",293.146999999999,285.618214285715,0.911038734636738,1.10527042115696,NA,0,FALSE,"Queda","Queda","Voluntário",10,1.75,0,0,11.1111111111111,72389.7142857143,-1.03065680898781,"Sem mudanças",0.0873204586698417,1,298.423928571429,12.805714285714,FALSE,1,"1o ao 2o Pico",NA
2021-01-29,"FRA",295.157357142856,288.111000000001,0.685784655090149,3.36766348182158,NA,0,FALSE,"Voluntário","Queda","Queda",11,1.75,10,-8.33333333333334,0,72795.2142857143,-0.913378492594064,"Sem mudanças",0.59627749945,2,298.423928571429,10.312928571428,FALSE,1,"1o ao 2o Pico",NA
2021-01-30,"FRA",297.920285714285,290.437428571429,0.936086634659539,0.845097474310963,NA,0,FALSE,"Queda","Queda","Queda",8,1.75,-27.2727272727273,0,-20,73204.1428571429,-1.02689197130283,"Sem mudanças",0.411942131238201,3,298.423928571429,7.98649999999998,FALSE,1,"1o ao 2o Pico",NA
2021-01-31,"FRA",300.638142857142,292.778928571429,0.912276630086106,0.942767355489971,NA,0,FALSE,"Queda","Queda","Queda",4,1.75,-50,-20,-33.3333333333333,73616.9285714286,-0.991464545324361,"Sem mudanças",0.378018232054893,4,298.423928571429,5.64499999999998,FALSE,1,"1o ao 2o Pico",NA
2021-02-01,"FRA",301.25657142857,295.136357142858,0.205705292599045,0.899764150943394,NA,0,FALSE,"Voluntário","Voluntário","Voluntário",10,1.75,150,11.1111111111111,11.1111111111111,74033.4285714286,0.00669980872554099,"Sem mudanças",0.366352433862921,5,298.423928571429,3.28757142857097,FALSE,1,"1o ao 2o Pico",NA
2021-02-02,"FRA",300.671642857142,297.041428571429,-0.194162925195251,1.20028516999169,NA,0,FALSE,"Queda","Queda","Queda",10,1.75,0,0,0,74454.9285714286,-1.39303545712347,"Sem mudanças",0.21966892798538,6,300.514214285715,3.47278571428603,FALSE,1,"1o ao 2o Pico",NA
2021-02-03,"FRA",300.177999999999,298.423928571429,-0.164180051185403,0.813026908418979,NA,0,FALSE,"Queda","Queda","Queda",10,1.75,0,0,0,74879.8571428571,-0.460705443952047,"Sem mudanças",0.108614421525999,7,303.558785714287,5.13485714285804,FALSE,1,"1o ao 2o Pico",NA
2021-02-04,"FRA",276.39557142857,296.030928571429,-7.92277534377225,-5.83316150021767,NA,0,FALSE,"Queda","Queda","Queda",10,1.75,0,0,0,75280,8.53532608836167,"Sem mudanças",-0.0300781173043256,7,306.368285714287,10.337357142858,FALSE,1,"1o ao 2o Pico",NA
2021-02-05,"FRA",299.751357142856,296.687214285715,8.45013022226431,6.40860319700254,NA,0,FALSE,"Voluntário","Queda","Queda",11,1.75,10,0,-8.33333333333334,75705.7857142857,-7.50826462227142,"Sem mudanças",-0.144304056424627,8,308.410071428572,11.722857142857,FALSE,1,"1o ao 2o Pico",NA
2021-02-06,"FRA",296.254785714285,296.449285714286,-1.16649060804922,-0.653938493197681,NA,0,FALSE,"Queda","Queda","Queda",8,1.75,-27.2727272727273,0,0,76128.7857142857,0.67381508678237,"Sem mudanças",-0.284516813993367,9,310.177857142858,13.728571428572,FALSE,1,"1o ao 2o Pico",NA
2021-02-07,"FRA",297.595357142856,296.014571428572,0.452506252460805,-0.0172616170682871,NA,0,FALSE,"Queda","Voluntário","Queda",5,1.75,-37.5,25,0,76551.7142857143,0.875036678375607,"Sem mudanças",-0.420498326522686,10,311.404071428572,15.3895,FALSE,1,"1o ao 2o Pico",NA
2021-02-08,"FRA",297.640428571428,295.498000000001,0.0151452055583645,0.235949495298282,NA,0,FALSE,"Voluntário","Queda","Voluntário",10,1.75,100,0,11.1111111111111,76975.6428571429,0.115744028176223,"Sem mudanças",-0.434713003942222,11,312.713500000001,17.2155,FALSE,1,"1o ao 2o Pico",NA
2021-02-09,"FRA",294.22657142857,294.577285714287,-1.14697360141647,1.85329781370567,21.2912943588314,0,FALSE,"Voluntário","Voluntário","Voluntário",11,1.75,10,10,10,77407.4285714286,0.481008412897688,"Sem mudanças",-0.520346756222809,12,313.976071428572,19.3987857142851,FALSE,1,"1o ao 2o Pico",NA
2021-02-10,"FRA",292.892285714285,293.536500000001,-0.453489196372481,-0.892877274469572,20.9581572909654,0,FALSE,"Voluntário","Voluntário","Voluntário",12,1.75,9.09090909090908,20,20,77835.3571428571,2.16371793743826,"Sem mudanças",-0.541527141420427,13,314.704071428572,21.167571428571,FALSE,1,"1o ao 2o Pico",NA
2021-02-11,"FRA",289.87357142857,295.462000000001,-1.03065680898781,0.267318848822651,20.787583601171,0,FALSE,"Queda","Voluntário","Voluntário",11,1.75,-8.33333333333334,10,10,78264.4285714286,1.57075788525098,"Sem mudanças",0.634051532303425,12,315.424142857144,19.962142857143,FALSE,1,"1o ao 2o Pico",NA
2021-02-12,"FRA",287.225928571428,293.672642857144,-0.913378492594064,-2.929264280447,19.0981285647932,0,FALSE,"Voluntário","Voluntário","Voluntário",14,1.75,27.2727272727273,27.2727272727273,27.2727272727273,78680.9285714286,1.6067160614758,"Sem mudanças",-0.505833813734842,11,316.231214285715,22.558571428571,FALSE,1,"1o ao 2o Pico",NA
2021-02-13,"FRA",284.276428571428,291.961500000001,-1.02689197130283,-0.719937356100198,16.4587718679813,0,FALSE,"Queda","Queda","Queda",8,1.75,-42.8571428571429,0,0,79094.4285714286,0.970122595913603,"Sem mudanças",-0.374383406961157,10,317.766142857144,25.804642857143,FALSE,1,"1o ao 2o Pico",NA
2021-02-14,"FRA",281.457928571428,289.656214285715,-0.991464545324361,-0.482653890072648,14.2632666675795,0,FALSE,"Queda","Queda","Voluntário",5,1.75,-37.5,0,25,79505.9285714286,1.18353788315797,"Sem mudanças",-0.344202662252957,9,320.290214285715,30.634,FALSE,1,"1o ao 2o Pico",NA
2021-02-15,"FRA",281.476785714285,287.347142857144,0.00669980872554099,-0.762979523758833,13.6424157117343,0,FALSE,"Voluntário","Voluntário","Voluntário",11,1.75,120,10,10,79914.2857142857,0.111259019610044,"Sem mudanças",-0.337017032065967,8,322.943214285715,35.596071428571,FALSE,1,"1o ao 2o Pico",NA
2021-02-16,"FRA",277.555714285713,284.965571428572,-1.39303545712347,-2.43050588852335,13.2219829320603,0,FALSE,"Queda","Queda","Voluntário",11,1.75,0,0,10,80312.7142857143,1.12379040345834,"Sem mudanças",-0.220732602472098,7,326.229714285715,41.264142857143,FALSE,1,"1o ao 2o Pico",NA
2021-02-17,"FRA",276.276999999999,282.592000000001,-0.460705443952047,-0.860078433288958,12.7517960690402,0,FALSE,"Queda","Queda","Queda",10,1.75,-9.09090909090909,-16.6666666666667,0,80707.7142857143,0.582443966786705,"Sem mudanças",-0.0337892357713311,6,331.530285714287,48.938285714286,FALSE,1,"1o ao 2o Pico",NA
2021-02-18,"FRA",299.858142857142,284.018357142858,8.53532608836167,4.900861378452,12.2853218473125,0,FALSE,"Voluntário","Queda","Voluntário",11,1.75,10,0,10,81122.0714285714,0.93354689672307,"Sem mudanças",0.15202609953144,6,337.888000000001,53.869642857143,FALSE,1,"1o ao 2o Pico",NA
2021-02-19,"FRA",277.343999999999,282.606642857144,-7.50826462227142,-7.5147428517727,11.5400529775478,0,FALSE,"Voluntário","Queda","Voluntário",12,1.75,9.09090909090908,-14.2857142857143,9.09090909090908,81505.2857142857,-0.207170541797186,"Sem mudanças",0.332032853393573,5,337.888000000001,55.281357142857,FALSE,1,"1o ao 2o Pico",NA
2021-02-20,"FRA",279.212785714285,281.883285714287,0.67381508678237,-0.633819812267389,10.5537127532577,0,FALSE,"Queda","Queda","Queda",5,1.75,-58.3333333333333,-37.5,-37.5,81886.0714285714,0.313089495768715,"Sem mudanças",0.474676751051889,4,337.888000000001,56.004714285714,FALSE,1,"1o ao 2o Pico",NA
2021-02-21,"FRA",281.655999999999,281.911571428572,0.875036678375607,-0.224977630065193,9.55964883268685,0,FALSE,"Queda","Queda","Queda",2,1.75,-60,-60,-60,82266,-0.0704248739927249,"Sem mudanças",0.630034067372056,3,337.888000000001,55.976428571429,FALSE,1,"1o ao 2o Pico",NA
2021-02-22,"FRA",281.981999999999,281.983714285715,0.115744028176223,-2.3688728316294,8.98521168128246,0,FALSE,"Voluntário","Queda","Voluntário",11,1.75,450,0,10,82636.9285714286,0.293939693308443,"Sem mudanças",0.637502582435235,2,337.888000000001,55.904285714286,FALSE,1,"1o ao 2o Pico",NA
2021-02-23,"FRA",283.338357142856,282.809785714286,0.481008412897688,-5.64267436519915,8.34731286982806,0,FALSE,"Queda","Queda","Queda",11,1.75,0,0,0,82986.9285714286,0.986815451960732,"Sem mudanças",0.817275858191078,1,337.888000000001,55.078214285715,FALSE,1,"1o ao 2o Pico",NA
2021-02-24,"FRA",289.468999999999,284.694357142858,2.16371793743826,-0.368541826020452,7.7400896653181,0,FALSE,"Queda","Queda","Queda",9,1.75,-18.1818181818182,-10,-25,83335.6428571429,-0.611106491334923,"Sem mudanças",0.891786530386703,0,337.888000000001,53.193642857143,FALSE,1,"1o ao 2o Pico",NA
2021-02-25,"FRA",294.015857142856,283.859714285715,1.57075788525098,-2.0281965382468,7.12881746196468,0,FALSE,"Voluntário","Queda","Queda",10,1.75,11.1111111111111,-9.09090909090909,-9.09090909090909,83677.2857142857,0.900892955871857,"Sem mudanças",0.348802302412518,0,337.888000000001,54.028285714286,FALSE,1,"1o ao 2o Pico",NA
2021-02-26,"FRA",298.739857142856,286.916285714287,1.6067160614758,-2.2169347599983,6.63136728076226,0.375,TRUE,"Imposto","Queda","Queda",12,2.125,20,0,-14.2857142857143,84011.3571428571,-0.0128190216352353,"Restrição",0.870309022446392,0,337.888000000001,50.971714285714,FALSE,1,"1o ao 2o Pico","High"
2021-02-27,"FRA",301.637999999999,290.119857142858,0.970122595913603,-0.298698838717182,6.235943995864,0,FALSE,"Queda","Voluntário","Queda",6,2.125,-50,20,-25,84344.4285714286,1.90628945520466,"Sem mudanças",0.844542908802559,0,337.888000000001,47.768142857143,FALSE,1,"1o ao 2o Pico","High"
2021-02-28,"FRA",305.207999999999,293.484428571429,1.18353788315797,-0.966007073334696,5.85322483410695,0,FALSE,"Queda","Queda","Queda",2,2.125,-66.6666666666667,0,-60,84674.2857142857,2.06396124398096,"Sem mudanças",0.77700994077625,0,337.888000000001,44.403571428572,FALSE,1,"1o ao 2o Pico","High"
2021-03-01,"FRA",305.547571428571,296.850928571429,0.111259019610044,-0.801298605474798,5.39177880212778,0,FALSE,"Voluntário","Queda","Queda",9,2.125,350,-18.1818181818182,-18.1818181818182,85001.5,0.550551596756943,"Sem mudanças",0.789738202571408,0,337.888000000001,41.037071428572,FALSE,1,"1o ao 2o Pico","High"
2021-03-02,"FRA",308.981285714285,300.514214285715,1.12379040345834,-3.68926839427572,4.93058475485264,-0.375,FALSE,"Voluntário","Queda","Queda",10,1.75,11.1111111111111,-9.09090909090909,-9.09090909090909,85316.6428571429,2.26243762035241,"Flexibilização",0.825867276790197,0,337.888000000001,37.373785714286,FALSE,1,"1o ao 2o Pico",NA
2021-03-03,"FRA",310.780928571428,303.558785714287,0.582443966786705,0.271848259244378,4.50280025614724,0,FALSE,"Queda","Queda","Queda",9,1.75,-10,0,-10,85632.6428571429,3.56674455889598,"Sem mudanças",0.627665531877827,0,337.888000000001,34.329214285714,FALSE,1,"1o ao 2o Pico",NA
2021-03-04,"FRA",313.682214285713,306.368285714287,0.93354689672307,0.496010351520404,4.05934423806646,0,FALSE,"Voluntário","Queda","Queda",10,1.75,11.1111111111111,0,-9.09090909090909,85950.2142857143,2.90260169547603,"Sem mudanças",0.579818036922175,0,337.888000000001,31.519714285714,FALSE,1,"1o ao 2o Pico",NA
2021-03-05,"FRA",313.032357142856,308.410071428572,-0.207170541797186,-2.99202942979769,3.76893946850669,0.375,TRUE,"Imposto","Queda","Queda",12,2.125,20,0,0,86258.2857142857,NA,"Restrição",0.464136959557101,0,337.888000000001,29.477928571429,FALSE,1,"1o ao 2o Pico","High"
2021-03-06,"FRA",314.012428571428,310.177857142858,0.313089495768715,0.301794969030467,3.58223387969459,0,FALSE,"Queda","Voluntário","Voluntário",7,2.125,-41.6666666666667,16.6666666666667,40,86567.2857142857,NA,"Sem mudanças",0.531006020935034,0,337.888000000001,27.710142857143,FALSE,1,"1o ao 2o Pico","High"
2021-03-07,"FRA",313.791285714285,311.404071428572,-0.0704248739927249,-0.669512752248769,3.45414669988213,0,FALSE,"Queda","Voluntário","Voluntário",3,2.125,-57.1428571428571,50,50,86874.2142857143,NA,"Sem mudanças",0.593893403850962,0,337.888000000001,26.483928571429,FALSE,1,"1o ao 2o Pico","High"
2021-03-08,"FRA",314.713642857142,312.713500000001,0.293939693308443,0.675611380721275,3.24161313124527,0,FALSE,"Voluntário","Queda","Queda",8,2.125,166.666666666667,-11.1111111111111,-27.2727272727273,87183.2142857143,NA,"Sem mudanças",0.62527144507574,0,337.888000000001,25.1745,FALSE,1,"1o ao 2o Pico","High"
2021-03-09,"FRA",317.819285714285,313.976071428572,0.986815451960732,-1.52488972904852,3.0251267506596,-0.25,FALSE,"Voluntário","Queda","Queda",9,1.875,12.5,-10,-18.1818181818182,87487.5,NA,"Flexibilização",0.706603389139602,0,337.888000000001,23.911928571429,FALSE,1,"1o ao 2o Pico",NA
2021-03-10,"FRA",315.877071428571,314.704071428572,-0.611106491334923,-0.609482979267983,2.83853685180779,0,FALSE,"Queda","Queda","Queda",9,1.875,0,0,0,87789.9285714286,NA,"Sem mudanças",0.919767717147408,0,337.888000000001,23.183928571429,FALSE,1,"1o ao 2o Pico",NA
2021-03-11,"FRA",318.722785714285,315.424142857144,0.900892955871857,0.378233088152458,2.64664499762048,0,FALSE,"Queda","Queda","Queda",9,1.875,0,-10,-10,88093.5,NA,"Sem mudanças",1.0604144884869,0,337.888000000001,22.463857142857,FALSE,1,"1o ao 2o Pico",NA
2021-03-12,"FRA",318.681928571428,316.231214285715,-0.0128190216352353,-7.43514094218009,2.51064788655189,0,FALSE,"Voluntário","Queda","Queda",11,1.875,22.2222222222222,-8.33333333333334,-8.33333333333334,88374.5,NA,"Sem mudanças",1.70561425661463,0,337.888000000001,21.656785714286,FALSE,1,"1o ao 2o Pico",NA
2021-03-13,"FRA",324.756928571428,317.766142857144,1.90628945520466,-0.407074433993326,2.42364470057985,0.25,TRUE,"Queda","Imposto","Imposto",8,2.125,-27.2727272727273,14.2857142857143,33.3333333333333,88654.3571428571,NA,"Restrição",2.12793843529437,0,337.888000000001,20.121857142857,FALSE,1,"1o ao 2o Pico","High"
2021-03-14,"FRA",331.459785714285,320.290214285715,2.06396124398096,2.17066128639511,2.36244903758653,0,FALSE,"Queda","Voluntário","Voluntário",5,2.125,-37.5,66.6666666666667,150,88940.2857142857,NA,"Sem mudanças",2.46429954164232,0,337.888000000001,17.597785714286,FALSE,1,"1o ao 2o Pico","High"
2021-03-15,"FRA",333.284642857142,322.943214285715,0.550551596756943,-0.849477375642649,2.23535204939238,-2.125,FALSE,"Voluntário","Voluntário","Queda",9,0,80,12.5,0,89223.7857142857,NA,"Flexibilização",2.85863331330893,0,337.888000000001,14.944785714286,FALSE,1,"1o ao 2o Pico","Low"
2021-03-16,"FRA",340.824999999999,326.229714285715,2.26243762035241,-0.453273354737904,NA,0,FALSE,"Queda","Queda","Queda",9,0,0,0,-10,89506,NA,"Sem mudanças",3.19877609383518,0,337.888000000001,11.658285714286,FALSE,1,"1o ao 2o Pico","Low"
2021-03-17,"FRA",352.981357142856,331.530285714287,3.56674455889598,-5.94698080339437,NA,NA,NA,NA,NA,NA,NA,NA,NA,NA,NA,89771.4285714286,NA,NA,3.54841628237533,0,337.888000000001,6.357714285714,FALSE,1,"1o ao 2o Pico",NA
2021-03-18,"FRA",363.226999999999,337.888000000001,2.90260169547603,3.47141992628048,NA,NA,NA,NA,NA,NA,NA,NA,NA,NA,NA,90046.0714285714,NA,NA,3.6974683552443,0,337.888000000001,0,TRUE,2,"pós 2o pico",NA
